,ISO2 Code,year,RAXGFX_USD,LUR_PT,TXG_FOB_USD,TMG_CIF_USD,FDSAOP_XDC,AIP_IX,ENDE_XDC_USD_RATE,FMB_XDC,FIMM_PA,EREER_IX,FILR_PA,FISR_PA,FDSF_XDC,FDSB_XDC,RAXG_USD,PCPI_IX,FASMB_XDC,PCTOT,NGDP_XDC,BGS_BP6_USD,BCAXF_BP6_USD,DSTKMKTXD,month,couprisk
73106,US,1990-01-01,45233.0,6.0,30664.1,42149.6,,,1.0,,8.23,108.080841111704,10.11,,,,64447.361462393,58.42549259248221,,99.3674697875977,,-15930.0,-15910.0,25.58663134103,01,0.0014753633877262473
73107,US,1990-02-01,43913.0,5.9,30961.8,38778.2,,,1.0,,8.24,108.149906509772,10.0,,,,63114.5248679896,58.7006518982553,,99.35049438476558,,,,24.96531978055,02,0.00022131593141239136
73108,US,1990-03-01,46424.0,5.5,35970.6,44208.4,,,1.0,,8.28,109.553677638948,10.0,,,,65243.0285402087,59.02167108832379,,99.3487548828125,,,,25.78619536244,03,0.0002343398809898645
73109,US,1990-04-01,46433.0,5.3,32617.1,40874.6,,,1.0,,8.26,109.562514127638,10.0,,,,65223.2106099483,59.113390856914904,,99.33489990234379,,-16549.0,-17769.0,25.86375849589,04,0.0002522613503970206
73110,US,1990-05-01,46803.0,5.2,33538.7,42695.9,,,1.0,,8.18,108.191593439244,10.0,,,,65963.36683766519,59.2509705098014,,99.34100341796879,,,,26.68082802568,05,0.00018131075194105503
73111,US,1990-06-01,47294.0,5.4,34470.2,42722.8,,,1.0,,8.29,108.601257363403,10.0,,,,66233.8432535479,59.571989699869995,,99.3118133544922,,,,27.64543076807,06,0.00019301485735923046
73112,US,1990-07-01,47457.0,5.6,30736.2,43376.3,,,1.0,,8.15,106.522353478654,10.0,,,,66842.2866468195,59.8012891213475,,99.3219451904297,,-25857.0,-29207.0,28.02179515116,07,0.00022675203217659146
73113,US,1990-08-01,48174.0,5.5,31722.9,44147.2,,,1.0,,8.13,104.568703551201,10.0,,,,67844.8383573794,60.351607732893704,,99.4158248901367,,,,25.61195273229,08,0.00022006280778441578
73114,US,1990-09-01,49414.0,5.6,31444.3,42305.8,,,1.0,,8.2,103.439502681733,10.0,,,,68961.1661328505,60.8560664601443,,99.4636383056641,,,,24.35902726401,09,0.0002025411813519895
73115,US,1990-10-01,51850.0,5.5,35310.3,49341.2,,,1.0,,8.11,101.044775054127,10.0,,,,71792.19653179191,61.2229455345084,,99.4527816772461,,-22516.0,-16066.0,23.49804989688,10,0.0002020443498622626
73116,US,1990-11-01,52070.0,5.9,33267.0,45628.5,,,1.0,,7.81,100.572712371073,10.0,,,,72000.4027736163,61.360525187395,,99.4126739501953,,,,24.05222209806,11,0.00019847662770189342
73117,US,1990-12-01,52193.0,6.0,32889.0,40758.8,,,1.0,,7.31,101.891121384738,10.0,,,,72258.21460784451,61.360525187395,,99.3754348754883,,,,24.93417857954,12,0.0001998961961362511
73118,US,1991-01-01,53561.0,7.1,33165.0,41904.9,,,1.0,,6.91,102.269877883034,9.52,,,,73951.011191139,61.727404261759006,,99.33824920654301,,-5637.0,17737.0,24.71151968804,01,0.00021649272821377963
73119,US,1991-02-01,51226.0,7.3,32774.7,38480.4,,,1.0,,6.25,100.183015228985,9.05,,,,71740.4184328655,61.8191240303501,,99.29122924804692,,,,27.34195588546,02,0.00022212351905182
73120,US,1991-03-01,47666.0,7.2,36819.8,40311.6,,,1.0,,6.12,103.96029500133801,9.0,,,,66944.3634234015,61.910843798941094,,99.27902221679692,,,,27.88698206671,03,0.00023213600798044356
73121,US,1991-04-01,48108.0,6.5,36137.0,41247.9,,,1.0,,5.91,105.964592058117,9.0,,,,67238.7688182134,62.0025635675321,,99.27987670898442,,-4624.0,4269.0,27.93881974697,04,0.00021753241890110075
73122,US,1991-05-01,47837.0,6.7,36023.6,41842.8,,,1.0,,5.78,106.407901731225,8.5,,,,67205.7986055243,62.1860031047142,,99.26184844970699,,,,27.96634971072,05,0.0002077048848150298
73123,US,1991-06-01,44940.0,7.0,35479.8,41036.7,,,1.0,,5.9,108.049612585674,8.5,,,,63877.3899098247,62.3694426418962,,99.2422256469727,,,,28.34560513069,06,0.0002157998678740114
73124,US,1991-07-01,44664.0,6.8,33443.9,43121.0,,,1.0,,5.82,107.569954817613,8.5,,,,63754.4458258851,62.461162410487205,,99.24249267578129,,-12112.0,-11584.0,28.44160839124,07,0.00020740820036735383
73125,US,1991-08-01,43247.0,6.6,33632.7,42819.4,,,1.0,,5.66,106.48276292444,8.5,,,,62452.361320944,62.644601947669294,,99.2456741333008,,,,28.70805260053,08,0.00020409034914337096
73126,US,1991-09-01,43853.0,6.5,34391.3,43281.1,,,1.0,,5.45,104.905234547333,8.2,,,,63668.868673050594,62.919761253442296,,99.2606201171875,,,,28.74880015915,09,0.0002249442768516019
73127,US,1991-10-01,43674.0,6.5,37896.5,48352.1,,,1.0,,5.21,103.73711713736601,8.0,,,,63448.894436928604,63.011481022033394,,99.2697372436523,,-8807.0,-7571.0,28.83839404871,10,0.0002124420425388962
73128,US,1991-11-01,43708.0,6.7,36969.6,43499.3,,,1.0,,4.81,101.97995446715599,7.58,,,,63592.9998619279,63.194920559215404,,99.25794219970699,,,,28.51740434585,11,0.00022342083684634415
73129,US,1991-12-01,45934.0,6.9,34996.1,42465.6,,,1.0,,4.43,101.10543091810601,7.21,,,,66661.4742880029,63.24078044351089,,99.2244644165039,,,,28.25494634021,12,0.00022551510483026505
73130,US,1992-01-01,44717.0,8.1,34514.2,41732.9,,,1.0,,4.03,100.688412802565,6.5,,,,64809.19590582,63.332500212102005,,99.2198944091797,,1387.7,1129.15,30.81833154255,01,0.0015053286915645005
73131,US,1992-02-01,44014.0,8.2,36897.9,40678.8,,,1.0,,4.06,102.29072445994801,6.5,,,,64030.929960229805,63.561799633579504,,99.23248291015629,,,,31.10686634418,02,0.0017308532260358336
73132,US,1992-03-01,43659.0,7.8,39817.4,45135.7,,,1.0,,3.98,104.470976786532,6.5,,,,63599.9053497942,63.8828188236481,,99.23241424560551,,,,31.01275594284,03,0.00024774271878413856
73133,US,1992-04-01,43757.0,7.2,37153.5,44708.1,,,1.0,,3.73,103.93068412174499,6.5,,,,63655.24124044611,63.97453859223911,,99.2467727661133,,-8222.6,-10196.1,31.45840247638,04,0.0002258179010823369
73134,US,1992-05-01,43040.0,7.3,36736.6,43815.0,,,1.0,,3.82,102.694824289079,6.5,,,,63530.0233184858,64.06625836083009,,99.26657104492192,,,,32.24820582421,05,0.00023848393175285307
73135,US,1992-06-01,45055.0,8.0,39094.3,47588.0,,,1.0,,3.76,101.018868970531,6.5,,,,66032.9027664476,64.2955577823077,,99.2861862182617,,,,31.87580858616,06,0.00024000785197131338
73136,US,1992-07-01,44984.0,7.7,35979.4,47708.7,,,1.0,,3.25,99.08214798886459,6.02,,,,66311.7973542834,64.43313743519421,,99.2810592651367,,-17758.7,-22404.7,31.79574943738,07,0.0002413266047369689
73137,US,1992-08-01,45460.0,7.4,34837.8,46850.9,,,1.0,,3.3,98.47546556097441,6.0,,,,67415.84026572951,64.6165769723763,,99.2728118896484,,,,31.58609469268,08,0.00025637570070102805
73138,US,1992-09-01,45579.0,7.3,36810.9,48325.3,,,1.0,,3.22,98.70578188358351,6.0,,,,67467.609049134,64.80001650955829,,99.28148651123051,,,,31.45684264768,09,0.00027382184634916484
73139,US,1992-10-01,42325.0,6.9,40114.5,51761.6,,,1.0,,3.1,100.807926325773,6.0,,,,63146.910104461,65.0293159310359,,99.2619857788086,,-14613.5,-20133.4,30.54745527823,10,0.0002879141247831285
73140,US,1992-11-01,40896.0,7.1,37670.2,48125.9,,,1.0,,3.09,104.517387405843,6.0,,,,61172.4677654224,65.12103569962689,,99.24404907226558,,,,30.92748771861,11,0.0013903967337682845
73141,US,1992-12-01,40005.0,7.1,38536.8,47491.7,,,1.0,,2.92,104.842071736246,6.0,,,,60267.6947351053,65.0751758153314,,99.23584747314449,,,,31.54498888609,12,0.00026253916439600294
73142,US,1993-01-01,40282.0,8.0,35921.9,43767.5,,,1.0,,3.02,105.97643491169201,6.0,,,,60907.2193740067,65.3961950054,,99.2300643920898,,-7063.0,-7087.8,31.3020996819,01,0.0004726239130832255
73143,US,1993-02-01,41120.0,7.8,36004.1,43537.1,,,1.0,,3.03,106.252117537118,6.0,,,,61791.758246294805,65.62549442687761,,99.23638916015629,,,,32.15723756917,02,0.0004518551286309958
73144,US,1993-03-01,42353.0,7.4,41894.6,52775.2,,,1.0,,3.07,105.422662693333,6.0,,,,63324.151023831204,65.8547938483551,,99.2464828491211,,,,32.8589570302,03,0.0017139179399237035
73145,US,1993-04-01,43326.0,6.9,39373.6,49692.8,,,1.0,,2.96,103.220999403381,6.0,,,,64590.3957930337,66.03823338553721,,99.25814819335942,,-16892.0,-19819.9,32.69552399554,04,0.0004780179879162461
73146,US,1993-05-01,44316.416,6.8,39751.2,48097.0,,,1.0,,3.0,103.01914706855999,6.0,,,,65657.90780985901,66.1299531541282,,99.26659393310551,,,,33.21645835079,05,0.0004939340869896113
73147,US,1993-06-01,41998.4,7.2,38616.0,52304.8,,,1.0,,3.04,103.323294710206,6.0,,,,62911.8369754033,66.22167292271921,,99.2495880126953,,,,33.55682932478,06,0.00040509121026843786
73148,US,1993-07-01,42093.61,7.0,35529.3,50070.8,,,1.0,,3.06,104.759503408034,6.0,,,,63081.94879655269,66.22167292271921,,99.2706069946289,,-25540.0,-28417.8,33.70598830638,07,0.00041774002602323884
73149,US,1993-08-01,42922.882000000005,6.6,36624.2,50516.9,,,1.0,,3.03,104.552155858708,6.0,,,,64173.6860802939,66.40511245990129,,99.2537384033203,,,,34.35137394414,08,0.0016670721815899017
73150,US,1993-09-01,43473.758,6.4,38051.5,52565.7,,,1.0,,3.09,103.662079387562,6.0,,,,64777.9214338933,66.5426921127878,,99.22632598876949,,,,34.30625404882,09,0.00041914160829037433
73151,US,1993-10-01,42548.022000000004,6.4,41229.5,55977.5,,,1.0,,2.99,104.70891841300501,6.0,,,,63493.315565293,66.81785141856089,,99.2256927490234,,-20816.0,-29457.3,34.62636909884,10,0.0004369228263385594
73152,US,1993-11-01,42070.418,6.2,40311.7,53471.1,,,1.0,,3.02,105.91485989343799,6.0,,,,62988.6187016799,66.8637113028564,,99.2278671264648,,,,35.09327176086,11,0.00041788700036704535
73153,US,1993-12-01,41531.695,6.1,41465.7,50661.3,,,1.0,,2.96,106.332745422407,6.0,,,,62352.6917751732,66.8637113028564,,99.2260284423828,,,,35.75608795729,12,0.00044389817048795516
73154,US,1994-01-01,42213.83,7.3,37561.0,48309.5,,,1.0,,3.05,107.705633352118,6.0,,,,63190.0423697334,67.0471508400384,,99.2507476806641,,-14587.0,-17159.2,36.94277384365,01,0.0004057177866343409
73155,US,1994-02-01,43444.014,7.1,37126.0,48534.5,,,1.0,,3.25,106.828008999613,6.0,,,,64712.587907324596,67.276450261516,,99.2577133178711,,,,37.29855025901,02,0.0004817977023776621
73156,US,1994-03-01,44239.087999999996,6.8,46139.0,56788.8,,,1.0,,3.34,106.343570930566,6.06,,,,65757.4531732692,67.5057496829935,,99.2449798583984,,,,36.4520881932,03,0.0004230156191624701
73157,US,1994-04-01,44172.560999999994,6.2,41587.0,53556.8,,,1.0,,3.56,106.42425125318,6.45,,,,65511.9996396812,67.5974694515846,,99.2610549926758,,-23290.0,-27561.2,34.96707546744,04,0.00044005719246342784
73158,US,1994-05-01,42005.039000000004,5.9,42215.0,55132.5,,,1.0,,4.01,105.51181061600599,6.99,,,,63367.8623293175,67.6433293358801,,99.286865234375,,,,35.41122215063,05,0.0004092206654604525
73159,US,1994-06-01,42764.747,6.2,43425.0,59444.9,,,1.0,,4.25,104.92544074979901,7.25,,,,64679.21359482769,67.8726287573576,,99.30599975585942,,,,35.69380477848,06,0.0003760900581255555
73160,US,1994-07-01,42512.157,6.2,39218.0,56937.8,,,1.0,,4.26,103.02377012202801,7.25,,,,64391.8187557067,68.0560682945397,,99.2949676513672,,-32575.0,-39430.4,35.50965962041,07,0.0004085066611878574
73161,US,1994-08-01,42687.630999999994,5.9,43589.0,61602.8,,,1.0,,4.47,102.822776808557,7.51,,,,64685.6809457112,68.3312276003128,,99.2660675048828,,,,36.26579731126,08,0.00046850400394760067
73162,US,1994-09-01,43440.181,5.6,43766.0,61207.6,,,1.0,,4.73,101.788509360495,7.75,,,,65478.0370029113,68.5146671374948,,99.264892578125,,,,37.05960637788,09,0.0004170477041043341
73163,US,1994-10-01,44691.863,5.4,45314.0,64413.3,,,1.0,,4.76,100.49454778885901,7.75,,,,67118.6085411886,68.56052702179029,,99.263427734375,,-28059.0,-37491.6,36.94023627975,10,0.00037648295983672137
73164,US,1994-11-01,40893.812999999995,5.3,45674.0,63622.7,,,1.0,,5.29,101.124052095488,8.15,,,,62948.0998934132,68.6522467903813,,99.28075408935551,,,,36.21761266233,11,0.0004081980441696942
73165,US,1994-12-01,41215.251000000004,5.1,47013.0,59664.0,,,1.0,,5.45,103.441348084487,8.5,,,,63284.0902649375,68.6522467903813,,99.28536987304692,,,,36.00631726556,12,0.0004340808663982898
73166,US,1995-01-01,42703.302,6.2,43633.0,59865.8,,,1.0,,5.53,104.38686373275401,8.5,,,,64977.658942869406,68.9274060961544,,99.3068389892578,,-19698.0,-22620.5,36.98185141816,01,0.0003283827973064035
73167,US,1995-02-01,46378.139,5.9,44999.0,57660.8,,,1.0,,5.92,103.664721638788,9.0,,,,70389.3154029009,69.2025654019275,,99.30713653564449,,,,37.75787876432,02,0.00035446387482807035
73168,US,1995-03-01,50639.312999999995,5.7,52579.0,66212.6,,,1.0,,5.98,101.189465422773,9.0,,,,75708.9068834714,69.4318648234051,,99.3153915405273,,,,38.79941309677,03,0.00033688321127556264
73169,US,1995-04-01,51751.903,5.6,47808.0,62004.7,,,1.0,,6.05,97.78188431059841,9.0,,,,77700.9383302974,69.6611642448826,,99.3252944946289,,-29572.0,-32015.0,40.40268309972,04,0.00033963870373554533
73170,US,1995-05-01,53293.58,5.5,49855.0,65465.1,,,1.0,,6.01,97.87594094758249,9.0,,,,79493.9367907538,69.7987438977691,,99.3236083984375,,,,41.9393777212,05,0.0003374254738446325
73171,US,1995-06-01,52864.450999999994,5.8,49393.0,66258.6,,,1.0,,6.0,97.7477768372698,9.0,,,,79009.1514864719,69.9363235506557,,99.3195037841797,,,,43.07763016146,06,0.00034509797114878893
73172,US,1995-07-01,54233.379,5.9,44390.0,63996.7,,,1.0,,5.85,97.6893570188496,8.8,,,,80481.5613597665,69.9363235506557,,99.30532836914058,,-27632.0,-35176.9,44.73930613022,07,0.0003490945673547685
73173,US,1995-08-01,49978.965,5.6,48972.0,66748.0,,,1.0,,5.74,100.45530059590999,8.75,,,,75595.3373217218,70.11976308783771,,99.2986831665039,,,,44.30486795426,08,0.0003366957535035908
73174,US,1995-09-01,50384.835,5.4,49723.0,65570.9,,,1.0,,5.8,102.026535343936,8.75,,,,76101.12740212701,70.2573427407243,,99.3082656860352,,,,45.33142347304,09,0.00034976605093106633
73175,US,1995-10-01,49524.062000000005,5.2,51828.0,69708.9,,,1.0,,5.76,101.35113318426201,8.75,,,,75172.9909997251,70.48664216220179,,99.3051910400391,,-19485.0,-23748.6,45.46223638029,10,0.000368180830264464
73176,US,1995-11-01,49099.227,5.3,50710.0,65737.9,,,1.0,,5.8,102.165159406623,8.75,,,,74705.8500115325,70.4407822779063,,99.3168258666992,,,,47.13685925803,11,0.0003617393667809665
73177,US,1995-12-01,49095.708,5.2,50853.0,61622.0,,,1.0,,5.6,102.74392758006901,8.65,,,,74781.4048834358,70.3949223936108,,99.33432006835942,,,,49.0496524137,12,0.00035716267302632326
73178,US,1996-01-01,46575.362,6.3,47767.0,64078.5,,,1.0,,5.56,104.033008351894,8.5,,,,71665.3279346769,70.8076613522704,,99.33984375,,-14696.0,-17592.1,49.46287578059,01,0.00029470783192664385
73179,US,1996-02-01,47297.835999999996,6.0,51112.0,62624.6,,,1.0,,5.22,103.83085054588699,8.25,,,,73216.668016414,71.03696077374799,,99.3453903198242,,,,52.70373896972,02,0.00027449039043858653
73180,US,1996-03-01,46860.894,5.8,54952.0,65494.0,,,1.0,,5.31,103.790228626905,8.25,,,,73158.8037440693,71.4038398481121,,99.36660766601558,,,,53.59674203985,03,0.00029285531491041183
73181,US,1996-04-01,46578.138,5.4,51872.0,66887.7,,,1.0,,5.22,103.77007498024099,8.25,,,,72658.83788646059,71.6789991538851,,99.3782196044922,,-26327.0,-30364.0,53.28754579077,04,0.0002938056131824851
73182,US,1996-05-01,46153.289000000004,5.4,53359.0,69140.6,,,1.0,,5.24,103.835648287181,8.25,,,,72417.7276133673,71.8165788067717,,99.3969192504883,,,,53.63939961348,05,0.00030417460948228836
73183,US,1996-06-01,46076.933,5.5,51821.0,66326.9,,,1.0,,5.27,104.016321882911,8.25,,,,72404.6004095061,71.8624386910672,,99.3644027709961,,,,54.16274066494,06,0.0003043866599909961
73184,US,1996-07-01,47168.17,5.6,47598.0,70020.8,,,1.0,,5.4,103.851009639721,8.25,,,,74048.6355744481,72.0000183439537,,99.36801147460942,,-39523.0,-45713.1,52.48915761788,07,0.0003104469506070018
73185,US,1996-08-01,39826.809,5.1,51575.0,70326.4,,,1.0,,5.22,102.85177233942899,8.25,,,,65730.81678096669,72.1375979968403,,99.370849609375,,,,54.29633782302,08,0.0003263500693719834
73186,US,1996-09-01,38861.627,5.0,50598.0,70538.7,,,1.0,,5.3,103.364275205122,8.25,,,,64460.472716276105,72.36689741831779,,99.3556900024414,,,,55.42811668477,09,0.00032908888533711433
73187,US,1996-10-01,38764.834,4.9,56107.0,76572.8,,,1.0,,5.24,103.821845943447,8.25,,,,64507.7963546358,72.59619683979541,,99.3445053100586,,-23489.0,-31057.9,57.26363971479,10,0.00036837536026723683
73188,US,1996-11-01,38492.523,5.0,55016.0,70219.4,,,1.0,,5.31,103.51168782199899,8.25,,,,64331.0411436672,72.7337764926819,,99.33568572998051,,,,60.34019235754,11,0.000278351828455925
73189,US,1996-12-01,38293.767,5.0,53295.6,69794.4,,,1.0,,5.29,104.249882012915,8.25,,,,64040.7285462044,72.7337764926819,,99.33838653564449,,,,61.4623670071,12,0.0002371202426729724
73190,US,1997-01-01,32987.138,5.9,50590.9,69108.3,,,1.0,,5.25,105.34023926246401,8.25,,,,57151.6178311346,72.9630759141595,,99.3628768920898,,-19738.0,-25638.6,64.05195075832,01,0.00019453807908575985
73191,US,1997-02-01,32528.199,5.7,53152.6,67282.4,,,1.0,,5.19,107.31913890340701,8.25,,,,56430.6592459931,73.192375335637,,99.33642578125,,,,66.0617128216,02,0.0001979535009013489
73192,US,1997-03-01,32446.617000000002,5.5,61201.2,72973.8,,,1.0,,5.39,108.388847028456,8.3,,,,56171.569364573894,73.37581487281909,,99.3517074584961,,,,65.90546699185,03,0.00020175383542664352
73193,US,1997-04-01,31436.088,4.8,58180.1,73543.1,,,1.0,,5.51,108.68769314244801,8.5,,,,54822.349692324904,73.4675346414101,,99.3271102905273,,-24338.0,-29326.3,63.57888857128,04,0.0002032930788118392
73194,US,1997-05-01,32990.982,4.7,58738.3,73884.1,,,1.0,,5.5,107.28422437214701,8.5,,,,57002.6233763733,73.42167475711459,,99.34390258789058,,,,69.16433274574,05,0.000206544587854296
73195,US,1997-06-01,32934.822,5.2,58048.6,74125.2,,,1.0,,5.56,106.848750060919,8.5,,,,56763.4029472382,73.51339452570559,,99.3061981201172,,,,72.57596462128,06,0.0002096825337503105
73196,US,1997-07-01,31581.522,5.0,54909.4,77403.0,,,1.0,,5.52,107.715040719109,8.5,,,,55069.3004205543,73.6051142942966,,99.2930145263672,,-36012.0,-43988.3,76.31051142488,07,0.0002117133553838357
73197,US,1997-08-01,31646.446,4.8,56661.9,75381.8,,,1.0,,5.54,109.32380218173401,8.5,,,,55590.9794730543,73.7426939471832,,99.2955474853516,,,,75.90728578276,08,0.00021925469627603889
73198,US,1997-09-01,32058.857999999997,4.7,57470.4,79359.2,,,1.0,,5.54,109.31336563023599,8.5,,,,56097.7836710358,73.92613348436521,,99.28137969970699,,,,75.12569791175,09,0.00021793623454868796
73199,US,1997-10-01,32611.199,4.4,62401.5,84124.8,,,1.0,,5.5,109.384630009244,8.5,,,,56986.5825531905,74.1095730215473,,99.2945938110352,,-28200.0,-41771.3,75.2138453365,10,0.00021181034389883283
73200,US,1997-11-01,31371.187,4.3,58163.6,74381.7,,,1.0,,5.52,111.59757433048901,8.5,,,,56063.0589530547,74.0637131372518,,99.2763442993164,,,,73.31853523339,11,0.00021266783005557957
73201,US,1997-12-01,30809.0,4.4,59663.8,77452.1,,,1.0,,5.5,115.26398002772301,8.5,,,,58906.941910701105,73.9719933686607,,99.21881103515629,,,,75.53856985208,12,0.00021533994004130363
73202,US,1998-01-01,30920.4768,5.2,55172.0,72816.1,,,1.0,,5.56,117.65823677313699,8.5,,,,58957.0028912559,74.1095730215473,,99.1800689697266,,-25723.0,-33904.5,74.56954985505,01,0.0002208474470535293
73203,US,1998-02-01,31229.676,5.0,55234.0,70993.6,,,1.0,,5.51,116.29070333108999,8.5,,,,59581.222899051,74.24715267443379,,99.1881103515625,,,,,02,0.0002215730637544766
73204,US,1998-03-01,30219.683999999997,5.0,62297.0,80771.1,,,1.0,,5.49,115.553575857778,8.5,,,,58303.67863241099,74.3847323273203,,99.1694107055664,,,,,03,0.0002254279825137928
73205,US,1998-04-01,30874.0,4.1,56675.0,78337.9,,,1.0,,5.45,115.483146464739,8.5,,,,59280.272114789004,74.52231198020691,,99.1724700927734,,-41752.0,-51735.5,,04,0.00022720346169080585
73206,US,1998-05-01,30420.964,4.2,56672.0,76479.3,,,1.0,,5.49,116.017006888748,8.5,,,,59674.6475652639,74.65989163309341,,99.1729278564453,,,,,05,0.00022740800341125575
73207,US,1998-06-01,31168.482999999997,4.7,56994.0,79595.1,,,1.0,,5.56,118.22938613326201,8.5,,,,60114.6633283054,74.75161140168441,,99.1401138305664,,,,,06,0.0002329934213776141
73208,US,1998-07-01,30851.546000000002,4.7,51577.0,78934.6,,,1.0,,5.54,118.338847575645,8.5,,,,61214.8436671465,74.8433311702754,,99.13363647460942,,-55705.0,-69793.9,,07,0.0002352870797039941
73209,US,1998-08-01,31446.0,4.5,53420.0,78536.9,,,1.0,,5.55,120.35626776401001,8.5,,,,62498.5141308987,74.9350509388665,,99.0899200439453,,,,,08,0.0002594335819594562
73210,US,1998-09-01,32882.0,4.4,55627.0,81295.2,,,1.0,,5.51,118.53286903768101,8.49,,,,64631.52455696,75.0267707074575,,99.10617065429692,,,,,09,0.00023839584900997582
73211,US,1998-10-01,35485.0,4.2,61313.0,86958.0,,,1.0,,5.07,115.098102765031,8.12,,,,68142.04013373691,75.2102102446395,,99.1098175048828,,-42950.0,-59603.1,,10,0.0002418125368421897
73212,US,1998-11-01,34200.0,4.1,58395.0,80815.3,,,1.0,,4.83,114.962926021605,7.89,,,,66641.7368080371,75.2102102446395,,99.0829010009766,,,,,11,0.00024392160412389785
73213,US,1998-12-01,36000.872,4.0,58762.0,78819.7,,,1.0,,4.68,113.992061304926,7.75,,,,70714.73412344139,75.164350360344,,99.04083251953129,,,,,12,0.00024444318842142815
73214,US,1999-01-01,35035.102,4.8,52436.1,74174.4,,,1.0,,4.63,113.89990189811199,7.75,,,,69629.1290394599,75.3477898975261,,99.0591049194336,,-44122.0,-51665.0,89.25267299937,01,0.0002158472198061645
73215,US,1999-02-01,30517.19,4.7,53279.2,76285.1,,,1.0,,4.76,115.48263105431299,7.75,,,,64273.9073869109,75.43950966611709,,99.03430938720699,,,,89.03385299085,02,0.00021446059690788388
73216,US,1999-03-01,30397.0,4.4,60889.3,86814.0,,,1.0,,4.81,116.869901746507,7.75,,,,63310.338763793894,75.6688090875947,,99.06212615966801,,,,93.1469274438,03,0.0002153343666577712
73217,US,1999-04-01,29957.427000000003,4.1,57282.9,82635.8,,,1.0,,4.74,116.38756104124599,7.75,,,,62645.4695757598,76.2191276991408,,99.1037368774414,,-62293.0,-68803.0,99.73512447528,04,0.00021653715521097186
73218,US,1999-05-01,29599.0,4.0,56488.8,83671.3,,,1.0,,4.74,116.090610379314,7.75,,,,61005.2255458085,76.2191276991408,,99.1138153076172,,,,103.65411269278,05,0.00021616059530060736
73219,US,1999-06-01,29462.0,4.5,57824.6,90905.8,,,1.0,,4.76,116.857018352726,7.75,,,,60642.9642440159,76.2191276991408,,99.10521697998051,,,,102.22306593506,06,0.0002189885854022577
73220,US,1999-07-01,30869.606,4.5,52997.5,89814.8,,,1.0,,4.99,117.044747687529,8.0,,,,62256.992163655996,76.4484271206184,,99.1128463745117,,-79491.0,-86616.0,105.54836048564,07,0.00021763131371699274
73221,US,1999-08-01,31566.3496,4.2,57438.8,92921.0,,,1.0,,5.07,115.536680450422,8.06,,,,61603.3149330666,76.6318666578004,,99.15235137939449,,,,104.43345896633,08,0.000203734016395174
73222,US,1999-09-01,32104.631289999998,4.1,59431.3,93411.9,,,1.0,,5.22,114.72988052294599,8.25,,,,62366.34049358981,76.9987457321645,,99.1850738525391,,,,102.3187237843,09,0.00021376581571530548
73223,US,1999-10-01,32377.647999999997,3.8,62973.0,97695.1,,,1.0,,5.2,114.217649863939,8.25,,,,62180.4898219975,77.13632538505101,,99.19195556640629,,-72713.0,-81282.0,99.28993662976,10,0.00021151133114472032
73224,US,1999-11-01,32236.431,3.8,60947.8,96756.7,,,1.0,,5.42,114.744802472059,8.37,,,,61268.7209732376,77.18218526934659,,99.20269775390629,,,,103.23327454644,11,0.00021028918854426598
73225,US,1999-12-01,32182.12572,3.7,63807.9,94349.4,,,1.0,,5.3,114.868659958067,8.5,,,,60499.6037110814,77.18218526934659,,99.2110137939453,,,,107.4024105874,12,0.00021151706459932032
73226,US,2000-01-01,30940.87,4.5,57678.7,90123.3,,,1.0,,5.45,114.54684372705299,8.5,,,,58849.710121163494,77.41148469082408,,99.2344131469727,,-77916.0,-83636.0,107.73574193001,01,0.00020733028941322118
73227,US,2000-02-01,30406.203999999998,4.4,61179.4,94689.8,,,1.0,,5.73,116.302334290814,8.73,,,,58260.802533488604,77.8700835337793,,99.270751953125,,,,100.67512795831,02,0.0010256738169118762
73228,US,2000-03-01,31534.625,4.3,68947.8,106572.2,,,1.0,,5.85,116.921594829812,8.83,,,,59741.053031139694,78.5121219139164,,99.2707290649414,,,,100.11608154453,03,0.0010210807668045163
73229,US,2000-04-01,30031.376,3.7,63302.3,98333.0,,,1.0,,6.02,117.406047772565,9.0,,,,55556.0366348033,78.55798179821191,,99.2412567138672,,-90664.0,-97503.0,104.51785535583,04,0.00019491174316499385
73230,US,2000-05-01,30429.09797,3.8,64673.1,104437.6,,,1.0,,6.27,120.112252463639,9.24,,,,56111.667201500306,78.6497015668029,,99.27999877929692,,,,101.04125694223,05,0.00019879022147506478
73231,US,2000-06-01,31037.12718,4.1,68002.2,107970.2,,,1.0,,6.53,118.861628031756,9.5,,,,56909.1202609174,79.0624405254625,,99.2816619873047,,,,101.06664250326,06,0.00019255881488788876
73232,US,2000-07-01,30130.483089999998,4.2,60029.3,105583.3,,,1.0,,6.54,118.954923693643,9.5,,,,55471.258784957005,79.2458800626446,,99.2445526123047,,-105927.0,-114827.0,101.83082732862,07,0.00022258586250245566
73233,US,2000-08-01,30117.8,4.1,68254.9,111971.4,,,1.0,,6.5,119.713294143563,9.5,,,,54286.71346708389,79.2458800626446,,99.25354766845699,,,,105.18827910081,08,0.00022855881252326069
73234,US,2000-09-01,31209.031460000002,3.8,67390.6,110022.3,,,1.0,,6.52,121.04876810714899,9.5,,,,55210.2575200845,79.6586190213042,,99.2991485595703,,,,104.74282378689,09,0.0002259995526401326
73235,US,2000-10-01,30514.482989999997,3.6,69634.8,117716.9,,,1.0,,6.51,123.02119988863001,9.5,,,,54211.5050254097,79.7961986741907,,99.2861480712891,,-98015.0,-107494.0,99.71091116293,10,0.0014003831893205645
73236,US,2000-11-01,30616.6677,3.7,67613.7,110025.5,,,1.0,,6.51,123.858492672455,9.5,,,,54476.433459205895,79.8420585584863,,99.30386352539058,,,,101.8606070962,11,0.0012368999887257814
73237,US,2000-12-01,31238.267999999996,3.7,65210.9,101851.7,,,1.0,,6.4,122.832933015174,9.5,,,,56600.3776527229,79.7961986741907,,99.29418182373051,,,,101.73023747714,12,0.001263371668756008
73238,US,2001-01-01,30920.0,4.7,62161.5,105530.1,,,1.0,,5.98,123.26257006991699,9.05,,,,56496.0226632976,80.3006574014414,,99.291748046875,,-85686.0,-93575.0,102.01987333784,01,0.00036339697544462984
73239,US,2001-02-01,30692.227000000003,4.6,62743.1,94789.3,,,1.0,,5.49,124.005944125085,8.5,,,,55439.543271363,80.62167659151,,99.2837448120117,,,,102.8968833768,02,0.00039694295264780516
73240,US,2001-03-01,29020.0,4.5,70357.8,107036.8,,,1.0,,5.31,125.973565563985,8.32,,,,53175.327062015305,80.80511612869199,,99.2618789672852,,,,96.27631594646,03,0.00039680147892795503
73241,US,2001-04-01,29449.0,4.2,62014.6,99589.0,,,1.0,,4.8,126.84592731191499,7.8,,,,53684.8892419042,81.12613531876059,,99.2598037719727,,-88642.0,-95308.0,97.73933774565,04,0.0004087954293936491
73242,US,2001-05-01,29445.85962,4.1,64931.4,99861.4,,,1.0,,4.21,126.634839483986,7.24,,,,54209.3800544637,81.49301439312471,,99.28685760498051,,,,105.09702138349,05,0.0004152495821472258
73243,US,2001-06-01,28775.43379,4.7,63333.5,98763.9,,,1.0,,3.97,127.435384713185,6.98,,,,53803.2947968574,81.6305940460112,,99.2800140380859,,,,102.82643665854,06,0.0003138163301628083
73244,US,2001-07-01,29209.0,4.7,54610.8,97759.1,,,1.0,,3.77,127.73249852011499,6.75,,,,54692.058913936395,81.40129462453359,,99.27291870117192,,-98811.0,-113001.0,99.74468354215,07,0.00027388750459067523
73245,US,2001-08-01,30598.07813,4.9,60111.2,99902.1,,,1.0,,3.65,125.523412186568,6.67,,,,56808.392776749,81.40129462453359,,99.2726669311523,,,,98.50492658671,08,0.00029089199961163104
73246,US,2001-09-01,30595.0,4.7,55232.1,92421.3,,,1.0,,3.07,125.98804802586399,6.28,,,,59902.163523634,81.7681736988978,,99.2479400634766,,,,86.35619809329,09,0.0002895896031986922
73247,US,2001-10-01,30048.0,5.0,60701.3,104498.8,,,1.0,,2.49,126.47872005591499,5.53,,,,58661.702745052,81.49301439312471,,99.1805953979492,,-88377.0,-87809.0,88.05790948091,10,0.0003466774651315063
73248,US,2001-11-01,29956.0,5.3,57900.0,94672.2,,,1.0,,2.09,127.466759711414,5.1,,,,58112.2735753146,81.3554347402381,,99.1639022827148,,,,92.84310092826,11,0.0003739713574759662
73249,US,2001-12-01,28981.0,5.4,55003.1,84352.7,,,1.0,,1.82,127.37367374325399,4.84,,,,57633.677027984806,81.0344155501696,,99.1587142944336,,,,95.30755683728,12,0.00036227150121703744
73250,US,2002-01-01,28229.0,6.3,52667.442467,87909.8469,,,1.0,,1.73,128.277193141579,4.75,,,,56487.8491153546,81.2178550873516,,99.1775436401367,,-79145.0,-89051.0,94.77203148962,01,0.000295355886919424
73251,US,2002-02-01,28381.0,6.1,53061.338573,86109.805005,,,1.0,,1.74,129.221813854084,4.75,,,,56313.013562272405,81.5388742774202,,99.1938018798828,,,,94.45921702195,02,0.0013580322265625
73252,US,2002-03-01,28643.0,6.1,60728.37259199999,94300.701362,,,1.0,,1.73,128.610894949485,4.75,,,,56529.3855477872,81.9974731203753,,99.2441940307617,,,,100.28377966969,03,0.0013639217941090465
73253,US,2002-04-01,29628.0,5.7,58146.097985,100064.198909,,,1.0,,1.75,128.320956717279,4.75,,,,56800.0116806495,82.4560719633304,,99.2596282958984,,-103644.0,-113661.0,97.07720695607,04,0.0013702728319913149
73254,US,2002-05-01,30740.0,5.5,59883.913607,100889.423259,,,1.0,,1.75,126.226884030977,4.75,,,,58534.718848009405,82.4560719633304,,99.2710113525391,,,,96.26833737922,05,0.00028409218066371983
73255,US,2002-06-01,32166.0,6.0,59920.41982,99557.193879,,,1.0,,1.75,124.400261367987,4.75,,,,63652.2545631618,82.5019318476259,,99.2791290283203,,,,90.65249477679,06,0.00029272030224092305
73256,US,2002-07-01,32271.0,5.9,55032.210651,103935.098265,,,1.0,,1.73,122.397545473331,4.75,,,,63709.2907123293,82.593651616217,,99.3184356689453,,-117932.0,-125288.0,82.28754784633,07,0.0002908048045355826
73257,US,2002-08-01,32740.0,5.7,59490.821439,105760.10211,,,1.0,,1.74,123.90413437980499,4.75,,,,64535.6036788054,82.86881092199,,99.33214569091801,,,,82.94609218747,08,0.0003223181702196598
73258,US,2002-09-01,32251.0,5.4,57277.325135,102734.024675,,,1.0,,1.75,124.651458501192,4.75,,,,64818.04943302731,83.00639057487659,,99.3586578369141,,,,77.9351795171,09,0.0002937669341918081
73259,US,2002-10-01,32171.0,5.3,61975.402372000004,109874.92768499999,,,1.0,,1.75,125.922517515319,4.75,,,,64457.6894741085,83.14397022776309,,99.35448455810551,,-118235.0,-122802.0,76.85933451851,10,0.00028583433595485985
73260,US,2002-11-01,32312.0,5.6,59670.724135000004,106157.384613,,,1.0,,1.34,124.909792281088,4.35,,,,64629.517498341505,83.14397022776309,,99.33837890625,,,,82.37541019013,11,0.00028008842491544783
73261,US,2002-12-01,33818.0,5.7,55249.123435,102934.085278,,,1.0,,1.24,124.15733127293899,4.25,,,,67962.4149142412,82.9605306905811,,99.3584976196289,,,,81.42935680005,12,0.00028111835126765067
73262,US,2003-01-01,34140.0,6.5,54854.146362,100938.55976799999,,,1.0,,1.24,122.152436941167,4.25,,,,67391.1483031365,83.3274097649451,,99.3933334350586,,-110153.0,-120857.0,80.93205339491,01,0.00029231185908429325
73263,US,2003-02-01,34482.3333733316,6.4,55917.285576999995,96334.055979,,,1.0,,1.26,122.47663094171601,4.25,,,,67536.8585845791,83.9694481450823,,99.42324829101558,,,,75.59932983325,02,0.0002902407431975007
73264,US,2003-03-01,34756.3254356419,6.2,63524.2302,109576.35845599999,,,1.0,,1.25,122.096566001521,4.25,,,,69006.2667350262,84.4739068723329,,99.38684844970699,,,,76.18714088083,03,0.0002918591198977083
73265,US,2003-04-01,35147.9923509717,5.8,59162.211843,107764.548925,,,1.0,,1.26,120.89902210737499,4.25,,,,69361.772642396,84.29046733515091,,99.34188842773442,,-123270.0,-129038.0,79.57118698108,04,0.0003476358251646161
73266,US,2003-05-01,36148.94019694,5.8,59983.496293,105863.457312,,,1.0,,1.26,116.21605177106301,4.25,,,,71242.7798843233,84.1528876822644,,99.35936737060551,,,,82.35336658174,05,0.00029474656912498176
73267,US,2003-06-01,35686.0359571624,6.5,61570.19235,107817.95762,,,1.0,,1.22,115.888720018141,4.22,,,,70616.5609134555,84.24460745085541,,99.36248779296879,,,,86.88633793907,06,0.00029417831683531404
73268,US,2003-07-01,35185.0809131769,6.3,57070.189918,111751.249503,,,1.0,,1.01,117.246873313332,4.0,,,,69571.9421652614,84.3363272194464,,99.3392715454102,,-134751.0,-142531.0,87.42420846625,07,0.00029496991191990674
73269,US,2003-08-01,35297.2355866834,6.0,58611.141939,106212.664817,,,1.0,,1.03,118.95331132004999,4.0,,,,69379.5072042551,84.657346409515,,99.3624954223633,,,,88.66937221911,08,0.00028937775641679764
73270,US,2003-09-01,37259.1024022997,5.8,60238.622538999996,112296.424353,,,1.0,,1.01,117.643613269631,4.0,,,,73389.0910082801,84.9325057152881,,99.3669052124023,,,,90.65346068821,09,0.00030086605693213636
73271,US,2003-10-01,37433.240042661004,5.6,66388.642627,121413.678318,,,1.0,,1.01,114.90625586873699,4.0,,,,73107.4374362513,84.8407859466971,,99.4129104614258,,-125719.0,-126321.0,92.46720613488,10,0.00031488240347243845
73272,US,2003-11-01,38237.4821826873,5.6,64491.72934,109865.48684900001,,,1.0,,1.0,114.45858222149499,4.0,,,,74328.2281101673,84.6114865252195,,99.4323577880859,,,,93.22873835777,11,0.0003040684969164431
73273,US,2003-12-01,39721.8267564798,5.4,62959.093688,113216.008099,,,1.0,,0.98,113.004723097294,4.0,,,,74894.0679784824,84.5197667566285,,99.456787109375,,,,96.69020737727,12,0.0002950158377643674
73274,US,2004-01-01,39726.66364422,6.3,58924.272141999994,108091.652602,,,1.0,,1.0,111.046098458286,4.0,,,,74211.7366581133,84.9325057152881,,99.50344848632808,,-121950.0,-124241.0,100.65715013666,01,0.00026014095055870706
73275,US,2004-02-01,39189.9404875152,6.0,63118.328934000005,108793.940673,,,1.0,,1.01,111.529491646786,4.0,,,,73696.4274687864,85.3911045582432,,99.5195770263672,,,,101.24401449243,02,0.000264594389591366
73276,US,2004-03-01,39814.1771794539,6.0,73889.724116,128001.737972,,,1.0,,1.0,112.760735378689,4.0,,,,74146.6346117722,85.94142316978929,,99.559326171875,,,,98.59131230861,03,0.000283776898868382
73277,US,2004-04-01,38279.0638000115,5.4,67555.995912,123335.343547,,,1.0,,1.0,113.483937998006,4.0,,,,71045.2349375944,86.2165824755624,,99.5746002197266,,-152273.0,-157143.0,99.49546566269,04,0.0003278694348409772
73278,US,2004-05-01,38779.7116134876,5.3,69296.488583,122633.99471600002,,,1.0,,1.0,115.68302602460699,4.0,,,,71758.6311545109,86.721041202813,,99.5817489624023,,,,96.30005674191,05,0.00033804276608861983
73279,US,2004-06-01,38872.3601619321,5.8,68403.103399,132371.039182,,,1.0,,1.03,114.622499789812,4.0,,,,71608.07882180541,86.9962005085861,,99.55364990234379,,,,98.98451034568,06,0.00033915560925379395
73280,US,2004-07-01,38351.88268533,5.7,63878.854112,127898.73885499999,,,1.0,,1.26,113.586378455359,4.25,,,,70330.7755184198,86.8586208556996,,99.5364456176758,,-167943.0,-171747.0,96.95214904365,07,0.00033455414813943207
73281,US,2004-08-01,39037.370813232796,5.4,67170.455835,132053.394769,,,1.0,,1.43,113.472737102588,4.42,,,,71559.3129229397,86.9044807399951,,99.5161361694336,,,,95.81296868514,08,0.00033446587622165685
73282,US,2004-09-01,39310.2375891174,5.1,69226.139285,130764.21525899999,,,1.0,,1.61,113.10957306991101,4.59,,,,71534.8282348578,87.08792027717709,,99.4924087524414,,,,97.45431383912,09,0.0003307672159280628
73283,US,2004-10-01,40617.762263699995,5.1,73091.090662,139849.857595,,,1.0,,1.76,112.02728015519699,4.75,,,,73188.4710420458,87.5465191201322,,99.5024795532227,,-167718.0,-178459.0,95.51501928471,10,0.00032075142371468246
73284,US,2004-11-01,42102.47698829,5.2,69209.421299,139922.583824,,,1.0,,1.93,109.40270007084101,4.92,,,,75658.6684541883,87.5923790044278,,99.4769668579102,,,,99.43197654157,11,0.0002071089984383434
73285,US,2004-12-01,42718.3071445,5.1,71110.779376,131799.74676500002,,,1.0,,2.16,108.07554859920499,5.15,,,,75889.985333445,87.2713598143592,,99.46725463867192,,,,101.93051557597,12,0.0002405143895884976
73286,US,2005-01-01,41735.046141800005,5.7,66149.062869,128050.12194200001,,,1.0,,2.28,108.72714508245701,5.25,,,,70324.2068914644,87.4547993515412,,99.5019073486328,,-148805.0,-153112.0,100.6520504518,01,0.00024328661675099283
73287,US,2005-02-01,42063.29879901,5.8,68256.311141,127050.34506500002,,,1.0,,2.5,108.890998175184,5.49,,,,69126.5109872119,87.9592580787919,,99.5077285766602,,,,102.41213686798,02,0.00024955355911515653
73288,US,2005-03-01,41060.66206321,5.4,79512.577826,140478.993351,,,1.0,,2.63,108.389867635285,5.59,,,,67901.0935200986,88.64715634322451,,99.57754516601558,,,,102.01368714732,03,0.0002417576615698636
73289,US,2005-04-01,41452.432108172405,4.9,75914.357135,140494.949438,,,1.0,,2.79,109.81708208999001,5.75,,,,68484.17833100879,89.2433348390662,,99.5632705688477,,-174247.0,-181225.0,98.20413668535,04,0.00023891465389169755
73290,US,2005-05-01,39910.318551599994,4.9,75852.41626499999,141197.96359,,,1.0,,3.0,109.90195280472601,5.99,,,,66701.2956958394,89.1516150704752,,99.5399627685547,,,,99.10176580723,05,0.000245230010477826
73291,US,2005-06-01,39035.56851589,5.2,77589.30662999999,146614.535923,,,1.0,,3.04,110.962079795795,6.01,,,,65552.49637857219,89.1974749547707,,99.5792694091797,,,,100.14751850361,06,0.00025157071650028234
73292,US,2005-07-01,38934.931131599995,5.2,70026.724192,141550.694228,,,1.0,,3.26,111.80412962635599,6.25,,,,63579.334497580705,89.61021391343029,,99.6019058227539,,-195900.0,-201604.0,100.70804193564,07,0.0002522958675399422
73293,US,2005-08-01,39562.6653974,4.9,76693.338164,151630.039541,,,1.0,,3.5,110.798195286066,6.43,,,,61202.35074997981,90.0688127563854,,99.6073684692383,,,,100.79299599222,08,0.0002565632457844913
73294,US,2005-09-01,38742.33049559,4.8,74304.140414,151303.66770999998,,,1.0,,3.62,111.586752673608,6.6,,,,60232.3019266462,91.1694499794777,,99.5977249145508,,,,100.58549942787,09,0.00025965052191168064
73295,US,2005-10-01,38233.77446058,4.6,79147.116402,161613.724754,,,1.0,,3.78,113.152797511783,6.75,,,,59177.420010416696,91.3528895166597,,99.59229278564449,,-195300.0,-209305.0,98.59689973406,10,0.0002640104212332517
73296,US,2005-11-01,37455.07229507,4.8,78240.954488,155648.91912,,,1.0,,4.0,113.46709092400101,7.0,,,,57732.081970651794,90.6191313679315,,99.56395721435551,,,,102.13932984048,11,0.0002683304774109274
73297,US,2005-12-01,37838.08489112,4.6,79395.50701900001,149427.33699,,,1.0,,4.16,112.610802111768,7.16,,,,54083.7158018481,90.25225229356751,,99.5989837646484,,,,103.40513310785,12,0.00027645879890769715
73298,US,2006-01-01,38608.54936395,5.1,74338.31568500001,149871.591946,,,1.0,,4.29,111.302828166677,7.26,,,,54549.6131175617,90.94015055800008,,99.6408920288086,,-173824.0,-180298.0,103.83189496519,01,0.0002990584180224687
73299,US,2006-02-01,38372.42762025,5.1,76935.197688,139520.626061,,,1.0,,4.49,111.51309522154699,7.5,,,,54320.6366319326,91.12359009518221,,99.6509628295898,,,,104.77451838362,02,0.0002874321071431041
73300,US,2006-03-01,38591.57031009,4.8,90852.893306,159435.766601,,,1.0,,4.59,111.69248635920601,7.54,,,,54310.8227706937,91.6280488224328,,99.65711212158199,,,,106.4291816574,03,0.00029323657508939505
73301,US,2006-04-01,40068.09025129,4.5,82447.851496,152176.004071,,,1.0,,4.79,111.19495429933399,7.75,,,,55805.220977215,92.40766685545651,,99.7123184204102,,-195328.0,-205500.0,107.2908303635,04,0.000300717307254672
73302,US,2006-05-01,40741.96331072,4.4,86969.042384,164596.81004100002,,,1.0,,4.94,108.858056706151,7.92,,,,56049.3143999032,92.8662656984116,,99.7508773803711,,,,108.23821542522,05,0.0003117275482509285
73303,US,2006-06-01,40369.04653838,4.8,89730.572257,165878.348481,,,1.0,,4.99,110.23192843409201,8.02,,,,56892.914222162,93.0497052355937,,99.7279586791992,,,,105.0302583998,06,0.00031530833803117275
73304,US,2006-07-01,40414.14563490001,5.0,79354.303564,163212.36085599998,,,1.0,,5.24,110.217473708055,8.25,,,,56517.7338298679,93.32486454136681,,99.7569427490234,,-214206.0,-231477.0,105.36031062942,07,0.00031584085081703966
73305,US,2006-08-01,40124.26210065,4.6,88245.688647,173314.922795,,,1.0,,5.25,109.58526174308099,8.25,,,,55564.7420144941,93.50830407854879,,99.74072265625,,,,107.50741082718,08,0.0003190097922924906
73306,US,2006-09-01,39902.3469386,4.4,87545.483818,163872.20237400001,,,1.0,,5.25,109.25822561452699,8.25,,,,55175.959033058396,93.0497052355937,,99.69812774658199,,,,110.14554357861,09,0.00031943415524438024
73307,US,2006-10-01,40294.24462324,4.1,91664.540853,169741.864723,,,1.0,,5.25,109.364138751053,8.25,,,,54547.3746564817,92.54524650834308,,99.7033004760742,,-178357.0,-188687.0,114.24741354668,10,0.00032031035516411066
73308,US,2006-11-01,41465.01537895,4.3,90044.40964299999,162578.22151300003,,,1.0,,5.25,108.333088029179,8.25,,,,55663.886979402305,92.40766685545651,,99.73388671875,,,,116.36787809158,11,0.0003219471836928278
73309,US,2006-12-01,40943.45951596,4.3,87839.198022,153878.21696199998,,,1.0,,5.24,107.548182474622,8.25,,,,54853.8747609669,92.54524650834308,,99.75347900390629,,,,118.20590588342,12,0.0003154925361741334
73310,US,2007-01-01,40381.20443743,5.0,85127.84519400001,156067.38298,,,1.0,,5.25,108.817657668098,8.25,,,,54022.304708339805,92.8277433956034,,99.7361907958984,,-159308.0,-179237.0,119.49775442469,01,0.0014224224723875525
73311,US,2007-02-01,41251.11643174,4.9,83797.221897,144439.316884,,,1.0,,5.26,108.64746555200199,8.25,,,,55040.5644475456,93.32440594252381,,99.7741165161133,,,,120.63025088228,02,0.0003164286317769438
73312,US,2007-03-01,41715.71545256,4.5,99459.161339,166572.606554,,,1.0,,5.26,108.37677863205099,8.25,,,,55509.5694658798,94.17418959851959,,99.77374267578129,,,,117.16414852725,03,0.0003195618628524244
73313,US,2007-04-01,42094.93265902,4.3,90877.426257,161837.724139,,,1.0,,5.25,107.038040083731,8.25,,,,55678.481519007,94.78596045502181,,99.78978729248051,,-180628.0,-187648.0,121.80801671868,04,0.00032314969575963914
73314,US,2007-05-01,41483.253700400004,4.3,96726.306297,168816.289577,,,1.0,,5.25,106.306170556119,8.25,,,,54966.4435064669,95.36517079367408,,99.7987823486328,,,,128.04368894532,05,0.00032247067429125314
73315,US,2007-06-01,41494.64533954,4.7,97885.688936,169861.530578,,,1.0,,5.25,105.856889952432,8.25,,,,55085.990949996296,95.54998612738501,,99.8092575073242,,,,128.73564619813,06,0.0003172776778228581
73316,US,2007-07-01,42508.435520101804,4.9,90650.34175,172331.667808,,,1.0,,5.26,104.27503800304501,8.25,,,,55988.1514580076,95.5256803887084,,99.82904052734379,,-188417.0,-182550.0,130.62350733375,07,0.00031972202123142784
73317,US,2007-08-01,42922.4280601,4.6,99866.60946200001,176282.966946,,,1.0,,5.02,104.407212256513,8.25,,,,56467.277005805096,95.3504956306995,,99.8083267211914,,,,126.43887603687,08,0.0003218504716642201
73318,US,2007-09-01,44265.7809558886,4.5,96865.821058,167990.329045,,,1.0,,4.94,103.040623302677,8.03,,,,58029.328386247995,95.6132727677128,,99.8614349365234,,,,129.47552008015,09,0.0003251976449973881
73319,US,2007-10-01,44799.741048512005,4.4,104975.619985,187623.029702,,,1.0,,4.76,101.17020210365801,7.74,,,,58585.3887074256,95.81780785167079,,99.8837356567383,,-177019.0,-161598.0,132.7568341788,10,0.000326154928188771
73320,US,2007-11-01,45972.78494719,4.5,101936.222882,180990.040467,,,1.0,,4.49,100.01938218042801,7.5,,,,59924.9062285563,96.38692901577811,,99.9272308349609,,,,126.06514214701,11,0.00032932742033153767
73321,US,2007-12-01,45803.84309830001,4.8,100030.457134,167590.186129,,,1.0,,4.24,100.761905520339,7.33,,,,59524.2344641401,96.32226657892141,,99.9365615844727,,,,128.03636976023,12,0.00034882128238677984
73322,US,2008-01-01,47172.51497015,5.4,98677.051604,173741.163597,,,1.0,,3.94,100.138696502816,6.98,,,,60975.585383563,96.80104377096659,,99.9897232055664,,-161761.0,-156704.0,119.73871339771,01,0.00035038701025769114
73323,US,2008-02-01,48395.14926938,5.2,104740.035375,170233.17416300002,,,1.0,,2.98,98.8857266251214,6.0,,,,62362.9672847254,97.082164861698,,100.06470489501999,,,,118.60651764455,02,0.00031267001759260893
73324,US,2008-03-01,50529.21641371519,5.2,110931.661862,176303.84564400002,,,1.0,,2.61,96.8357605937921,5.66,,,,64723.075702173395,97.9236937385207,,100.089561462402,,,,116.4511797658,03,0.00034756527747958904
73325,US,2008-04-01,49311.20043112,4.8,109856.654615,187642.005186,,,1.0,,2.28,96.39837328372091,5.24,,,,63330.5680240449,98.5175792401476,,100.092529296875,,-190473.0,-177935.0,120.87048384639,04,0.00034873661934398115
73326,US,2008-05-01,49246.70065452,5.2,112626.996057,188449.772677,,,1.0,,1.98,96.82995128571008,5.0,,,,64128.9355602446,99.34718454705342,,100.11808776855499,,,,122.35883452692,05,0.000344215368386358
73327,US,2008-06-01,49612.75832215,5.7,116787.38143699999,195667.803146,,,1.0,,2.0,97.2377868503315,5.0,,,,64698.625672539405,100.348305821224,,100.175262451172,,,,115.1408113283,06,0.00034432800021022564
73328,US,2008-07-01,49088.86462,6.0,114522.29323,208650.518695,,,1.0,,2.01,96.6740726612473,5.0,,,,63790.811748445194,100.87523589178001,,100.18566131591801,,-210737.0,-196795.0,108.12836470576,07,0.0003410422650631517
73329,US,2008-08-01,47251.74126979,6.1,116417.77125599999,195834.615838,,,1.0,,2.0,98.63795564511422,5.0,,,,61519.3555575452,100.47258610766501,,100.09058380126999,,,,110.11829932851,08,0.0003378216351848096
73330,US,2008-09-01,46625.55946536,6.0,106071.949176,185935.871377,,,1.0,,1.81,101.083517675083,5.0,,,,60792.972886126205,100.33363065825,,100.023490905762,,,,106.13917175614,09,0.00033909777994267637
73331,US,2008-10-01,45288.1546569665,6.1,111238.62110899999,191910.048624,,,1.0,,0.97,107.140772633638,4.56,,,,58721.9142285751,99.320127215319,,99.8239364624023,,-145757.0,-149957.0,87.63736194634,10,0.0003394311934243888
73332,US,2008-11-01,45970.11662946,6.5,97085.416236,152536.449928,,,1.0,,0.39,108.623282378893,4.0,,,,62337.3591639474,97.41785921474121,,99.7019805908203,,,,82.26874856719,11,0.0002456904330756515
73333,US,2008-12-01,49583.569371499994,7.1,88486.164773,142581.823033,,,1.0,,0.16,106.87729403197399,3.61,,,,66607.0060995362,96.4103175567688,,99.5915298461914,,,,82.08736307677,12,0.0003726195427589119
73334,US,2009-01-01,47595.38677925,8.5,78150.578813,127001.689549,,,1.0,,0.15,107.953132572157,3.25,,,,64322.5254758466,96.8299354980727,,99.6424102783203,,-77613.0,-77558.0,80.18348636995,01,0.0004303457099013031
73335,US,2009-02-01,45628.133513,8.9,80349.277997,112574.79818599999,,,1.0,,0.22,111.000362139468,3.25,,,,62157.738998888395,97.3114642831756,,99.6182861328125,,,,,02,0.0004741221782751381
73336,US,2009-03-01,46634.066565,9.0,87847.9631,125298.127821,,,1.0,,0.18,111.40999647996,3.25,,,,63916.5097962746,97.54810128614041,,99.6148834228516,,,,,03,0.0004462082870304585
73337,US,2009-04-01,46725.182261986905,8.6,80822.453168,122676.38079200001,,,1.0,,0.15,108.445944052882,3.25,,,,64073.5328982655,97.79161727174959,,99.6516571044922,,-85810.0,-88097.0,,04,0.0004513906897045672
73338,US,2009-05-01,49247.40693781,9.1,83651.049988,119872.244207,,,1.0,,0.18,104.94516215222,3.25,,,,70696.773099606,98.07411415901,,99.7284317016602,,,,,05,0.00046016229316592216
73339,US,2009-06-01,48897.405729000006,9.7,86829.51161,130767.923464,,,1.0,,0.21,104.171200744928,3.25,,,,70447.55288004401,98.91656023351851,,99.80123901367192,,,,,06,0.00033437187084928155
73340,US,2009-07-01,49875.577118,9.7,85634.74823099999,139367.625917,,,1.0,,0.16,103.693009857353,3.25,,,,71890.20905789231,98.7597194292279,,99.77147674560551,,-114184.0,-109513.0,,07,0.00030700446222908795
73341,US,2009-08-01,50452.981814,9.6,87315.10033,134843.47188,,,1.0,,0.16,102.334594602183,3.25,,,,115805.00976822099,98.98122267037519,,99.8157806396484,,,,,08,0.00031164984102360904
73342,US,2009-09-01,51839.586576999995,9.5,91458.40522999999,144800.882748,,,1.0,,0.15,101.608516526735,3.25,,,,123254.92962096301,99.0431335141741,,99.7732391357422,,,,,09,0.0003141614142805338
73343,US,2009-10-01,51903.347724,9.5,100005.493436,150962.411028,,,1.0,,0.12,100.434467981313,3.25,,,,123649.037930591,99.1385220735088,,99.8182525634766,,-106171.0,-97354.0,,10,0.00031288451282307506
73344,US,2009-11-01,53525.24443504,9.4,94606.513892,147123.577329,,,1.0,,0.12,100.020281660061,3.25,,,,123978.920154147,99.20868769648091,,99.85894775390629,,,,,11,0.00031608206336386496
73345,US,2009-12-01,50519.85790816,9.7,99371.867233,150006.55223,,,1.0,,0.12,100.36537758263799,3.25,,,,119718.87259585301,99.03396153731501,,99.88381958007808,,,,,12,0.0003182407526765019
73346,US,2010-01-01,50217.37255002,10.6,92600.632335,140536.309847,,,1.0,,0.11,100.56433408801901,3.25,,,,118919.212771275,99.37240748341591,,99.9081344604492,,-97889.0,-87201.0,100.0,01,0.001071824342943728
73347,US,2010-02-01,50185.45865867,10.4,93858.17667100001,137651.174267,,,1.0,,0.13,101.71576685159401,3.25,,,,118251.70125284401,99.3971718209355,,99.8858642578125,,,,97.54824582853,02,0.00022746420290786773
73348,US,2010-03-01,48885.40193952,10.2,110510.205728,162162.501318,,,1.0,,0.16,100.66709413860599,3.25,,,,116479.70003549401,99.8053247911655,,99.9160385131836,,,,101.97000093408,03,0.0002227356308139861
73349,US,2010-04-01,48270.33015109,9.5,102477.44178,157623.537248,,,1.0,,0.2,99.9612071785581,3.25,,,,115440.378936001,99.97867515380258,,99.9581298828125,,-134496.0,-114638.0,105.54769653523,04,0.00023117948148865253
73350,US,2010-05-01,47129.28631716,9.3,105463.276426,160733.14298499998,,,1.0,,0.2,102.50647354896499,3.25,,,,113133.34270579301,100.056178358262,,99.9249114990234,,,,100.2765312412,05,0.00022842291218694302
73351,US,2010-06-01,47557.22092159,9.6,107153.195142,173382.57670499998,,,1.0,,0.18,103.02645991796,3.25,,,,113472.985680974,99.9584968047126,,99.89904022216801,,,,97.02071453281,06,0.0002317565813427791
73352,US,2010-07-01,49743.199769,9.7,104051.18442,169068.682004,,,1.0,,0.18,101.23034355020599,3.25,,,,118086.093532154,99.97959235148849,,99.91000366210942,,-146589.0,-130641.0,97.62212503159,07,0.00023281606263481078
73353,US,2010-08-01,49633.67786949,9.5,106871.28984900001,176354.647558,,,1.0,,0.19,100.292332214618,3.25,,,,117405.667540985,100.117630603218,,99.93600463867192,,,,98.84599193424,08,0.0002502312418073416
73354,US,2010-09-01,51709.3764631,9.2,107683.14513699998,172233.558911,,,1.0,,0.19,99.3752530952306,3.25,,,,122057.996493414,100.175872656273,,99.9720458984375,,,,101.2112317614,09,0.00023449725995305928
73355,US,2010-10-01,53241.23549939,9.0,117262.131026,175316.69600000003,,,1.0,,0.19,96.4402884898131,3.25,,,,124350.676677664,100.300611541557,,100.032577514648,,-116254.0,-98791.0,105.47452101429,10,0.00023962823615875092
73356,US,2010-11-01,50588.32452185,9.3,113116.960191,173765.679302,,,1.0,,0.19,96.6066347997323,3.25,,,,119241.169954591,100.34280263510901,,100.065879821777,,,,106.9435704166,11,0.00023833889281377202
73357,US,2010-12-01,52075.18739658,9.1,117446.88713399999,171055.42792000002,,,1.0,,0.18,97.61381212669771,3.25,,,,121391.80619794,100.51523580006001,,100.118858337402,,,,109.49288202001,12,0.0002252500707982108
73358,US,2011-01-01,52544.13088224,9.8,110183.36986400001,171778.918417,,,1.0,,0.17,96.4820803605757,3.25,,,,122902.105467976,100.99401299210501,,100.16400146484399,,-113115.0,-94088.0,112.71230378641,01,0.0002619318256620317
73359,US,2011-02-01,52753.67617603,9.5,109541.446075,160559.95686600002,,,1.0,,0.16,95.7691952950527,3.25,,,,123613.667626507,101.49205133555401,,100.19134521484399,,,,116.41415955198,02,0.00026245246408507233
73360,US,2011-03-01,52398.54270256,9.2,131725.758836,190816.385392,,,1.0,,0.14,94.89619392030241,3.25,,,,128273.515138561,102.481707638652,,100.200782775879,,,,115.37775838393,03,0.0002640465972945094
73361,US,2011-04-01,54191.04670797,8.7,124052.072376,183038.39811900002,,,1.0,,0.1,93.58340914000141,3.25,,,,131947.527247554,103.141631373664,,100.240112304688,,-146944.0,-121958.0,118.75271816068,04,0.0002609813236631453
73362,US,2011-05-01,53300.94479968,8.7,124235.660516,193944.59028,,,1.0,,0.09,93.44290396311659,3.25,,,,135904.884420298,103.626828949511,,100.20093536376999,,,,120.13857525868,05,0.00027194153517484665
73363,US,2011-06-01,53842.554239699995,9.3,125000.642272,196613.05602699998,,,1.0,,0.09,93.10332189848042,3.25,,,,136618.762949338,103.515848029515,,100.18661499023399,,,,115.52896331169,06,0.00026493609766475856
73364,US,2011-07-01,54634.68820496,9.3,120262.112698,192192.255563,,,1.0,,0.07,92.44906378400191,3.25,,,,138662.478884711,103.607567798106,,100.176414489746,,-152165.0,-124187.0,119.49235391572,07,0.0002705919905565679
73365,US,2011-08-01,54933.06764386,9.1,126731.947733,201493.998521,,,1.0,,0.1,93.023083164453,3.25,,,,139612.676086563,103.893274877267,,100.156860351563,,,,108.16887923375,08,0.0002649948874022812
73366,US,2011-09-01,52765.90731633,8.8,127032.073622,194473.362146,,,1.0,,0.08,95.61476368942051,3.25,,,,137445.563140641,104.051032879244,,100.13210296630899,,,,106.72526715968,09,0.0002726359816733748
73367,US,2011-10-01,53582.56210014,8.5,131099.391557,196779.21114200001,,,1.0,,0.07,96.5818160800184,3.25,,,,139654.08435668802,103.83640862074101,,100.07396697998001,,-137479.0,-105434.0,109.97681422457,10,0.00027146641514264047
73368,US,2011-11-01,52684.15139518,8.2,125752.04666600001,195141.102869,,,1.0,,0.08,97.15566937291278,3.25,,,,136987.26563940098,103.748816241737,,100.067886352539,,,,112.73104424151,11,0.0002735631132964045
73369,US,2011-12-01,51877.62256992,8.3,126891.23301099999,189192.749691,,,1.0,,0.07,98.03316019318329,3.25,,,,136912.226738474,103.492918087368,,100.040390014648,,,,115.32242905123,12,0.0002847450668923557
73370,US,2012-01-01,52279.33844241,8.8,117838.62865999999,188413.937006,,,1.0,,0.08,97.5970085273703,3.25,,,,138238.805320541,103.94830673842199,,100.065956115723,,-122789.0,-94103.0,119.86066289771,01,0.0003030926454812289
73371,US,2012-02-01,51532.00914721,8.7,123612.302071,176208.511202,,,1.0,,0.1,96.0563660618025,3.25,,,,137840.497908056,104.40598838369101,,100.09276580810499,,,,123.09005743906,02,0.0003010905929841101
73372,US,2012-03-01,51140.73120589,8.4,140219.065283,202337.84578,,,1.0,,0.13,96.4996833748929,3.25,,,,138036.81902511802,105.198905783161,,100.10376739501999,,,,124.90852006753,03,0.0003028669743798673
73373,US,2012-04-01,51675.19978314,7.7,127411.44224300001,194497.16023399998,,,1.0,,0.14,96.84849240605179,3.25,,,,141421.639632799,105.516714781329,,100.086044311523,,-146780.0,-120726.0,124.44333139804,04,0.0003072482941206545
73374,US,2012-05-01,50294.97567628,7.9,131233.07868399998,203638.740364,,,1.0,,0.16,98.11455746729109,3.25,,,,137823.77922206098,105.392893093731,,100.04714202880899,,,,121.48599688341,05,0.0003027041675522924
73375,US,2012-06-01,50518.84662167,8.4,132578.896665,196878.890334,,,1.0,,0.16,99.4001258477482,3.25,,,,138789.304034737,105.238345283655,,100.0,,,,119.80348494359,06,0.00031336021493189037
73376,US,2012-07-01,50292.55959273,8.6,121408.136228,198118.676247,,,1.0,,0.16,98.6193855084276,3.25,,,,138342.51715580802,105.06682931639,,100.063636779785,,-145075.0,-117745.0,122.37431002861,07,0.00030822589178569615
73377,US,2012-08-01,50818.87361068,8.2,128583.019076,200151.79071600002,,,1.0,,0.13,98.0793118987035,3.25,,,,140460.13032124098,105.651542841157,,100.07601928710899,,,,125.43794765943,08,0.0003149202966596931
73378,US,2012-09-01,51553.9822013,7.6,128259.972496,190668.212658,,,1.0,,0.14,96.95388692264721,3.25,,,,142034.322940224,106.12298245171499,,100.08732604980499,,,,128.14627963011,09,0.00031049185781739647
73379,US,2012-10-01,51191.55313822,7.5,133718.21598,204091.04410199999,,,1.0,,0.16,96.6531505530282,3.25,,,,141187.25266064302,106.081708555849,,100.07119750976601,,-122762.0,-94256.0,127.78478280565,10,0.0003062144387513399
73380,US,2012-11-01,50589.85931259,7.4,130204.374852,199592.09027000002,,,1.0,,0.16,97.1474310807893,3.25,,,,140234.45918428,105.57908422397,,100.06589508056601,,,,123.16065924263,11,0.00019912730203941464
73381,US,2012-12-01,49922.38197398,7.6,130753.707654,181888.361801,,,1.0,,0.16,96.4944560000807,3.25,,,,139133.870857439,105.294752941338,,100.07853698730499,,,,125.52657035839,12,0.00023614519159309571
73382,US,2013-01-01,49708.00948918,8.5,123031.87906099999,190336.364444,,,1.0,,0.14,96.3301808203908,3.25,,,,140853.884899946,105.606141555705,,100.09628295898399,,-95646.0,-71396.0,130.02594741661,01,0.00019689519831445068
73383,US,2013-02-01,48395.856743000004,8.1,123443.633859,175000.3999,,,1.0,,0.15,97.1750818391338,3.25,,,,137796.320724883,106.47105897351801,,100.10828399658199,,,,133.38760565473,02,0.00020337305613793435
73384,US,2013-03-01,47544.108262,7.6,136642.157119,186582.539192,,,1.0,,0.14,97.7976676556572,3.25,,,,135287.629279235,106.749428471192,,100.09710693359399,,,,137.69395527507,03,0.0002042037231149152
73385,US,2013-04-01,47555.909111,7.1,129460.62083800002,195755.197828,,,1.0,,0.15,97.082778518159,3.25,,,,135753.58888181302,106.63844755119699,,100.07382202148399,,-124655.0,-96897.0,140.15451589121,04,0.00021251731959637252
73386,US,2013-05-01,46555.73736707,7.3,132968.704067,201902.66399600002,,,1.0,,0.11,97.2911803766623,3.25,,,,133000.648338796,106.82830747218,,100.085906982422,,,,144.89389334922,05,0.00021477880363818258
73387,US,2013-06-01,46920.17746359,7.8,134550.410192,189881.340502,,,1.0,,0.09,97.9982109871731,3.25,,,,134661.59610996698,107.084664225392,,100.079978942871,,,,143.59102934973,06,0.00021491762890946117
73388,US,2013-07-01,47688.35327029,7.7,127280.87219200001,202552.840944,,,1.0,,0.09,98.5104400047919,3.25,,,,136385.70002268802,107.126855318944,,100.06411743164101,,-133683.0,-105626.0,146.97608235186,07,0.00021828513126820326
73389,US,2013-08-01,47542.52136872,7.3,132584.00786500002,198190.73764500002,,,1.0,,0.08,98.27784623035629,3.25,,,,134714.399229939,107.25572159381399,,100.056182861328,,,,145.11514014718,08,0.0002209637314081192
73390,US,2013-09-01,48278.03849966,7.0,128377.55544000001,196941.769095,,,1.0,,0.08,98.00324395057942,3.25,,,,136705.806711916,107.38046047909799,,100.038627624512,,,,145.82654879053,09,0.000221169219003059
73391,US,2013-10-01,48457.99,7.0,142061.250573,210381.782897,,,1.0,,0.09,96.8410346319355,3.25,,,,136044.91508359302,107.103925376796,,100.030715942383,,-107150.0,-74884.0,146.01229864581,10,0.000222935457713902
73392,US,2013-11-01,47692.32347167,6.6,136200.329241,193576.803586,,,1.0,,0.08,97.45878144804729,3.25,,,,134070.795696707,106.885173728707,,100.027671813965,,,,151.56595760808,11,0.0002238956221845001
73393,US,2013-12-01,47599.42668356,6.5,131915.459503,187405.019739,,,1.0,,0.09,97.6439919646767,3.25,,,,133533.46407319998,106.876001751848,,100.039047241211,,,,153.7141928091,12,0.0002263053465867415
73394,US,2014-01-01,47523.48587742,7.0,126619.205952,191429.76322300002,,,1.0,,0.07,98.46317424858971,3.25,,,,133374.790901162,107.27360694868999,,100.026000976563,,-95657.0,-64449.0,155.12708837805,01,0.0002219156158389524
73395,US,2014-02-01,48237.11701184,7.0,123630.418125,175551.773571,,,1.0,,0.07,98.6679814971231,3.25,,,,134163.609765351,107.67029494784599,,100.048301696777,,,,152.40267988289,02,0.00022844984778203067
73396,US,2014-03-01,48029.79367765,6.8,142289.932238,200016.29293199998,,,1.0,,0.08,98.2758999732868,3.25,,,,133243.234650097,108.363696398394,,100.062255859375,,,,155.74693156239,03,0.00023386093380395323
73397,US,2014-04-01,48395.66337156,5.9,133990.050434,206709.76211500002,,,1.0,,0.09,97.8009575127581,3.25,,,,133236.465110313,108.720944897056,,100.066795349121,,-133906.0,-93654.0,156.61478296312,04,0.00023103220155462623
73398,US,2014-05-01,47977.19685142,6.1,138181.984632,206300.098751,,,1.0,,0.09,97.3871654467798,3.25,,,,133537.01784557902,109.100664739023,,100.05461120605499,,,,158.21681344698,05,0.0002322735235793516
73399,US,2014-06-01,48188.39709955,6.3,138482.447486,203723.239613,,,1.0,,0.1,97.5055951322857,3.25,,,,134135.126015138,109.303824026452,,100.042900085449,,,,160.85738061075,06,0.00023354787845164537
73400,US,2014-07-01,47285.06307669,6.5,133326.645853,210718.965577,,,1.0,,0.09,97.55705362989971,3.25,,,,131874.78477086598,109.261174334057,,100.008445739746,,-136568.0,-105263.0,162.23744060723,07,0.00023652240633964536
73401,US,2014-08-01,46557.08900949,6.3,137625.837418,202727.141706,,,1.0,,0.09,98.2021913836688,3.25,,,,130276.83443422,109.078651994561,,99.97991943359379,,,,160.20224800732,08,0.00023582446738146245
73402,US,2014-09-01,44506.44441141,5.7,133668.613617,209234.626677,,,1.0,,0.09,99.55312843006381,3.25,,,,126012.621010896,109.16074118745001,,99.9282760620117,,,,163.28662509212,09,0.0002379857178311795
73403,US,2014-10-01,43935.470931699994,5.5,145613.923496,217444.91412899998,,,1.0,,0.09,100.772191517533,3.25,,,,125243.509619536,108.886499079363,,99.8906402587891,,-123450.0,-101827.0,159.50238930785,10,0.0002400342491455376
73404,US,2014-11-01,42818.45974729,5.5,134722.680199,195948.428445,,,1.0,,0.09,102.041539051916,3.25,,,,122599.606390959,108.298575362694,,99.8813705444336,,,,168.54723368233,11,0.00024117968860082328
73405,US,2014-12-01,41943.50091001,5.4,133722.05346,201525.156006,,,1.0,,0.12,103.779419685771,3.25,,,,119048.483711245,107.684511511977,,99.8283538818359,,,,169.55249317158,12,0.00024227003450505435
73406,US,2015-01-01,40503.75964468,6.1,120872.35663099999,186711.580672,,,1.0,,0.11,105.477791042957,3.25,,,,115561.969637645,107.17775979051201,,99.7575454711914,,-102731.0,-79252.0,167.5280380885,01,0.0002820744994096458
73407,US,2015-02-01,40005.16873942,5.8,118233.72939000001,167999.882049,,,1.0,,0.11,106.897760103913,3.25,,,,113676.38358236199,107.643237616111,,99.78109741210942,,,,171.37817701797,02,0.0002867522125598043
73408,US,2015-03-01,38986.49434664,5.6,133668.76329200002,204511.84895699998,,,1.0,,0.11,108.935008474213,3.25,,,,108228.54472841401,108.28390019972,,99.75830078125,,,,171.24765655005,03,0.00028690526960417634
73409,US,2015-04-01,39923.79898317,5.1,128499.64718399999,195849.136924,,,1.0,,0.12,108.155773437895,3.25,,,,110249.03173101199,108.504027644338,,99.7638473510742,,-131078.0,-105873.0,171.61789303465,04,0.00029037296189926565
73410,US,2015-05-01,39045.0791039,5.3,128206.27615,192176.938589,,,1.0,,0.12,107.26365468002301,3.25,,,,108494.12684259699,109.05709784894199,,99.78814697265629,,,,173.09049548118,05,0.0002850863093044609
73411,US,2015-06-01,39631.03053725,5.5,130976.339814,203017.097369,,,1.0,,0.13,108.104166615967,3.25,,,,109291.59555829699,109.43911068512399,,99.77649688720699,,,,171.2044342465,06,0.000289068091660738
73412,US,2015-07-01,39133.63817186,5.6,124242.885351,199447.426825,,,1.0,,0.13,109.811884976386,3.25,,,,108276.90692499801,109.446448266611,,99.7557144165039,,-138399.0,-122519.0,169.94190628867,07,0.00028992266743443906
73413,US,2015-08-01,39833.29641183,5.2,122758.87976199998,195635.35521900002,,,1.0,,0.14,111.733184660011,3.25,,,,109858.07454539301,109.29144185769199,,99.6950149536133,,,,162.93773279417,08,0.00029320950852707034
73414,US,2015-09-01,39953.90313605,4.9,124915.07991700001,197277.401015,,,1.0,,0.125,112.59479799360001,3.25,,,,109176.888023436,109.121301686956,,99.68511962890629,,,,156.04605941279,09,0.00029860311769880354
73415,US,2015-10-01,39580.71965965,4.8,130301.584104,200785.381922,,,1.0,,0.125,111.74226720118799,3.25,,,,108225.676443151,109.07223161076,,99.6840057373047,,-126324.0,-100125.0,164.09030874496,10,0.0002945488668046892
73416,US,2015-11-01,38219.23468925,4.8,120541.147016,187386.712383,,,1.0,,0.12,113.39903395370101,3.25,,,,105599.427903891,108.84201499159599,,99.6362991333008,,,,169.26148686927,11,0.0002954129595309496
73417,US,2015-12-01,39242.34926515,4.8,120111.66113499999,185090.455403,,,1.0,,0.24,114.22931234398199,3.37,,,,106539.63576633301,108.47009132996,,99.6101226806641,,,,167.5337680715,12,0.00029306267970241606
73418,US,2016-01-01,39085.62585315,5.3,107932.046822,171023.358867,,,1.0,,0.34,116.49960452303199,3.5,,,,106147.292068394,108.64940347755501,,99.5745849609375,,-104578.0,-91108.0,155.71469550142,01,0.00026350628468208015
73419,US,2016-02-01,40279.29832215,5.2,113401.82555899999,173242.164445,,,1.0,,0.38,115.18131679602199,3.5,,,,106177.180000116,108.738830251931,,99.5967636108398,,,,155.66356872288,02,0.00025523838121443987
73420,US,2016-03-01,41490.15422323,5.1,125480.159475,183554.571199,,,1.0,,0.36,112.954666527837,3.5,,,,108685.640918336,109.207059670588,,99.6650543212891,,,,165.23497268893,03,0.00025496297166682785
73421,US,2016-04-01,42459.25388372,4.7,118699.596726,179103.26165,,,1.0,,0.37,111.16874995458099,3.5,,,,109993.521451525,109.72481776428499,,99.70416259765629,,-132420.0,-110511.0,170.41318684787,04,0.0002534572849981487
73422,US,2016-05-01,41182.86152831,4.5,119607.08729200001,188688.573641,,,1.0,,0.37,112.281028322648,3.5,,,,108148.611886044,110.16874144426501,,99.7469940185547,,,,168.96115458554,05,0.0002735435555223376
73423,US,2016-06-01,42266.7268113,5.1,125080.23294500001,193872.558538,,,1.0,,0.38,112.89793557392099,3.5,,,,109161.192899125,110.530575931357,,99.7831192016602,,,,169.55848360834,06,0.00027846064767800266
73424,US,2016-07-01,42642.14956531,5.1,115782.065675,187005.727532,,,1.0,,0.39,113.456673554613,3.5,,,,109370.171511055,110.35172238260401,,99.7723388671875,,-134688.0,-121987.0,175.15777307126,07,0.00028056642622686917
73425,US,2016-08-01,42403.19143917,5.0,122626.33003299999,199436.097128,,,1.0,,0.4,112.544756881372,3.5,,,,109271.82861875,110.45307272689699,,99.7617340087891,,,,176.6285154186,08,0.0002896794467233121
73426,US,2016-09-01,42987.97603869,4.8,124474.311873,191137.394423,,,1.0,,0.4,113.415039047325,3.5,,,,111389.67150006199,110.718601456969,,99.75775146484379,,,,174.45317957295,09,0.00029738849843852217
73427,US,2016-10-01,41705.51745887,4.7,128445.459878,197353.804271,,,1.0,,0.4,114.618114417255,3.5,,,,109978.8831349,110.85663970869801,,99.7947311401367,,-131295.0,-104744.0,173.66190530211,10,0.0003262316167820245
73428,US,2016-11-01,39422.45261853,4.4,122936.323554,196517.903331,,,1.0,,0.41,117.25206223331101,3.5,,,,107177.967932292,110.68420654374701,,99.80532836914058,,,,178.55893976952,11,0.0012055144179612398
73429,US,2016-12-01,39022.98247883,4.5,126558.08985399999,189008.46043,,,1.0,,0.54,119.629956215407,3.64,,,,106290.80915279199,110.72043585233999,,99.8334808349609,,,,188.25308871514,12,0.001139859203249216
73430,US,2017-01-01,40125.99073351,5.1,117458.09988499999,191251.792166,,,1.0,,0.65,119.461843253292,3.75,,,,108141.62223822199,111.36568442437799,,99.8637161254883,,-110826.0,-81187.0,190.12229216208,01,0.0011844850378111005
73431,US,2017-02-01,39838.42944854,4.9,119251.60376900001,174334.945619,,,1.0,,0.66,118.148233260114,3.75,,,,107240.16375252401,111.71605394039601,,99.8715286254883,,,,195.04999837399,02,0.00021422102872747928
73432,US,2017-03-01,40108.39700812,4.6,135904.93963,199742.965106,,,1.0,,0.79,117.156416243145,3.88,,,,107752.41102707801,111.806856511301,,99.8495025634766,,,,198.85961209707,03,0.00022752521908842027
73433,US,2017-04-01,40531.53927087,4.1,123841.552401,191453.375737,,,1.0,,0.9,115.94161761472999,4.0,,,,108984.923682605,112.138423474758,,99.84014892578129,,-150468.0,-132358.0,197.5382384635,04,0.00023690710077062252
73434,US,2017-05-01,41383.11306667,4.1,127781.985882,206350.332997,,,1.0,,0.91,115.156996689807,4.0,,,,110664.584325405,112.23427063293501,,99.8270797729492,,,,199.9459551568,05,0.0002453691849950701
73435,US,2017-06-01,41508.25488616,4.5,132741.322267,204032.62248,,,1.0,,1.04,113.549191816732,4.13,,,,110974.13879156199,112.336079576071,,99.8112945556641,,,,203.58434242759,06,0.00019416910072322932
73436,US,2017-07-01,42714.09149166,4.6,122140.222249,197679.457304,,,1.0,,1.15,112.06815808291401,4.25,,,,112648.483004906,112.258576371612,,99.8336868286133,,-141739.0,-111738.0,206.10033542014,07,0.0002006779395742342
73437,US,2017-08-01,42907.76894894,4.5,129185.585871,207541.246196,,,1.0,,1.16,110.837998196403,4.25,,,,113475.347918551,112.594729323498,,99.8356399536133,,,,209.27881387237,08,0.0002011222823057324
73438,US,2017-09-01,42338.5772805,4.1,130277.756754,200364.254881,,,1.0,,1.15,110.147371395546,4.25,,,,112822.107404899,113.19090781933998,,99.8473129272461,,,,211.75547528776,09,0.00020516540098469704
73439,US,2017-10-01,41830.82179734,3.9,136198.986174,216611.50343200003,,,1.0,,1.15,111.88644071828101,4.25,,,,111590.766756134,113.119366399839,,99.8468170166016,,-147089.0,-114359.0,219.99541308921,10,0.00020717886218335482
73440,US,2017-11-01,42566.63285896,3.9,135476.849505,213413.00141300002,,,1.0,,1.16,112.348597282838,4.25,,,,112387.59677995199,113.12211799289601,,99.8714599609375,,,,224.97755930187,11,0.00020984173170290887
73441,US,2017-12-01,42755.23182245,3.9,136014.056674,205700.20435,,,1.0,,1.3,111.899492463906,4.4,,,,112251.90553478301,113.055621160668,,99.8834228515625,,,,234.40772156424,12,0.0002136750699719414
73442,US,2018-01-01,44168.23573816,4.5,125218.601567,209366.062553,,,1.0,,1.41,109.528515667762,4.5,,,,115173.42338350801,113.67151940675699,,99.9376907348633,,-123825.0,-83839.0,246.42763695547,01,0.00021100991580169648
73443,US,2018-02-01,44123.13271945,4.4,128057.32201199999,192768.488759,,,1.0,,1.42,108.618214249517,4.5,,,,114684.03633807099,114.186984506238,,99.9443893432617,,,,238.57304926624,02,0.00024344993289560082
73444,US,2018-03-01,44425.37265705,4.1,149164.36918,213836.408829,,,1.0,,1.51,108.973271044445,4.58,,,,115331.27223717401,114.44517565482201,,99.94363403320308,,,,234.7590313693,03,0.00022759559215046465
73445,US,2018-04-01,43389.070700699995,3.7,137647.537499,211010.88007400002,,,1.0,,1.69,108.99833073699301,4.75,,,,113499.03011857199,114.900105707033,,99.94903564453129,,-151700.0,-117658.0,232.10454398494,04,0.00023399136262014506
73446,US,2018-05-01,42591.01407505,3.6,144592.83185999998,222738.60523000002,,,1.0,,1.7,112.070390401591,4.75,,,,111803.22911422,115.377965701393,,99.9718170166016,,,,234.66698679939,05,0.00028153136372566223
73447,US,2018-06-01,42293.46834844,4.2,145133.62613,218582.730143,,,1.0,,1.82,113.736089044115,4.89,,,,114057.67498099199,115.561863837418,,99.9522705078125,,,,236.74482973809,06,0.00028560441569425166
73448,US,2018-07-01,42174.45244456,4.1,133428.864384,222988.80274699998,,,1.0,,1.91,114.30757307472601,5.0,,,,113653.31805214401,115.56966001774799,,99.9196090698242,,-174145.0,-138638.0,238.54140223986,07,0.00028772471705451613
73449,US,2018-08-01,42065.13381007,3.9,139760.310728,228574.556684,,,1.0,,1.91,114.88701754027299,5.0,,,,113488.280448559,115.63386385576099,,99.8949432373047,,,,244.765661517,08,0.000315487472107634
73450,US,2018-09-01,41745.26791699,3.6,139262.243762,217992.70220300002,,,1.0,,1.95,115.040271905009,5.03,,,,112687.59562095099,115.768233316747,,99.88819122314449,,,,250.52123494001,09,0.0002911894698627293
73451,US,2018-10-01,41200.74122655,3.5,146983.214209,242980.567708,,,1.0,,2.19,115.65549376593201,5.25,,,,112530.79119593599,115.972768400705,,99.8932037353516,,-178017.0,-150856.0,244.56848781953,10,0.00029133507632650435
73452,US,2018-11-01,41076.60479888,3.5,140372.90103399998,220169.69163800002,,,1.0,,2.2,116.97958930163401,5.25,,,,112460.579700256,115.58433518072201,,99.8380508422852,,,,241.21963267281,11,0.00029112029005773365
73453,US,2018-12-01,41938.02132405,3.7,134463.51256300003,213317.403107,,,1.0,,2.27,116.761363159571,5.35,,,,114756.990011769,115.215163112143,,99.8081283569336,,,,227.34228259502,12,0.00029062302201054985
73454,US,2019-01-01,42063.30744967,4.0,130140.0,206244.0,,,1.0,,2.4,114.89308736166201,5.5,,,,115316.347258895,115.434831957919,,99.8211898803711,,-126387.0,-105633.0,230.70625987263,01,0.00028054520953446627
73455,US,2019-02-01,41504.13336174,3.8,131366.0,187604.0,,,1.0,,2.4,114.86981828632901,5.5,,,,114786.394373595,115.92278112682301,,99.8340377807617,,,,244.53205566106,02,0.0002807264681905508
73456,US,2019-03-01,41277.21600174,3.8,148917.0,209689.0,,,1.0,,2.41,115.27666152730801,5.5,,,,114133.955979611,116.57674307687701,,99.8401565551758,,,,245.65030109565,03,0.0002829043078236282
73457,US,2019-04-01,41104.50663857,3.6,135954.0,210697.0,,,1.0,,2.42,115.38327190758699,5.5,,,,116222.74042449199,117.19401711949499,,99.8486709594727,,-174703.0,-138331.0,252.13431347254,04,0.000281908200122416
73458,US,2019-05-01,41409.44930321,3.6,143044.0,222752.0,,,1.0,,2.39,116.44256717008801,5.5,,,,115926.38958204,117.44349489006201,,99.8300323486328,,,,245.86200184943,05,0.00022103464289102706
73459,US,2019-06-01,42042.01477614,3.7,138558.0,209052.0,,,1.0,,2.38,115.79366956775101,5.5,,,,117315.12011385699,117.466883431053,,99.8185195922852,,,,249.82822315188,06,0.0002257531450595707
73460,US,2019-07-01,41370.23300074,3.7,133443.0,220688.0,,,1.0,,2.4,115.58948411551201,5.5,,,,117803.924307551,117.663163735838,,99.8179168701172,,,,258.70096638448,07,0.0002267908421345055
73461,US,2019-08-01,41428.24091161,3.7,,,,,1.0,,2.13,117.424786499034,5.25,,,,117484.904543756,117.657201950879,,,,,,248.85531023912,08,0.0002184127952205017
73462,US,2019-09-01,40945.9491102,,,,,,1.0,,2.04,117.720450240354,5.15,,,,116554.31620626301,117.749380318313,,,,,,254.95843109159,09,0.00022902648197487002
73463,US,2019-10-01,41484.85707646,,,,,,1.0,,1.83,,4.99,,,,,,,,,,,,10,0.00021750609448645264
73464,US,,,,,,,,,,,,,,,,,,,,,,,,,
73465,US,,,,,,,,,,,,,,,,,,,,,,,,,
73466,US,,,,,,,,,,,,,,,,,,,,,,,,,
73467,US,,,,,,,,,,,,,,,,,,,,,,,,,
73468,US,,,,,,,,,,,,,,,,,,,,,,,,,
73469,US,,,,,,,,,,,,,,,,,,,,,,,,,
73470,US,,,,,,,,,,,,,,,,,,,,,,,,,
73471,US,,,,,,,,,,,,,,,,,,,,,,,,,
73472,US,,,,,,,,,,,,,,,,,,,,,,,,,
73473,US,,,,,,,,,,,,,,,,,,,,,,,,,
73474,US,,,,,,,,,,,,,,,,,,,,,,,,,
73475,US,,,,,,,,,,,,,,,,,,,,,,,,,
73476,US,,,,,,,,,,,,,,,,,,,,,,,,,
73477,US,,,,,,,,,,,,,,,,,,,,,,,,,
73478,US,,,,,,,,,,,,,,,,,,,,,,,,,
73479,US,,,,,,,,,,,,,,,,,,,,,,,,,
73480,US,,,,,,,,,,,,,,,,,,,,,,,,,
73481,US,,,,,,,,,,,,,,,,,,,,,,,,,
73482,US,,,,,,,,,,,,,,,,,,,,,,,,,
73483,US,,,,,,,,,,,,,,,,,,,,,,,,,
73484,US,,,,,,,,,,,,,,,,,,,,,,,,,
73485,US,,,,,,,,,,,,,,,,,,,,,,,,,
73486,US,,,,,,,,,,,,,,,,,,,,,,,,,
73487,US,,,,,,,,,,,,,,,,,,,,,,,,,
73488,US,,,,,,,,,,,,,,,,,,,,,,,,,
73489,US,,,,,,,,,,,,,,,,,,,,,,,,,
73490,US,,,,,,,,,,,,,,,,,,,,,,,,,
73491,US,,,,,,,,,,,,,,,,,,,,,,,,,
73492,US,,,,,,,,,,,,,,,,,,,,,,,,,
73493,US,,,,,,,,,,,,,,,,,,,,,,,,,
73494,US,,,,,,,,,,,,,,,,,,,,,,,,,
73495,US,,,,,,,,,,,,,,,,,,,,,,,,,
73496,US,,,,,,,,,,,,,,,,,,,,,,,,,
73497,US,,,,,,,,,,,,,,,,,,,,,,,,,
73498,US,,,,,,,,,,,,,,,,,,,,,,,,,
73499,US,,,,,,,,,,,,,,,,,,,,,,,,,
73500,US,,,,,,,,,,,,,,,,,,,,,,,,,
73501,US,,,,,,,,,,,,,,,,,,,,,,,,,
73502,US,,,,,,,,,,,,,,,,,,,,,,,,,
73503,US,,,,,,,,,,,,,,,,,,,,,,,,,
73504,US,,,,,,,,,,,,,,,,,,,,,,,,,
73505,US,,,,,,,,,,,,,,,,,,,,,,,,,
73506,US,,,,,,,,,,,,,,,,,,,,,,,,,
73507,US,,,,,,,,,,,,,,,,,,,,,,,,,
73508,US,,,,,,,,,,,,,,,,,,,,,,,,,
73509,US,,,,,,,,,,,,,,,,,,,,,,,,,
73510,US,,,,,,,,,,,,,,,,,,,,,,,,,
73511,US,,,,,,,,,,,,,,,,,,,,,,,,,
73512,US,,,,,,,,,,,,,,,,,,,,,,,,,
73513,US,,,,,,,,,,,,,,,,,,,,,,,,,
73514,US,,,,,,,,,,,,,,,,,,,,,,,,,
73515,US,,,,,,,,,,,,,,,,,,,,,,,,,
73516,US,,,,,,,,,,,,,,,,,,,,,,,,,
73517,US,,,,,,,,,,,,,,,,,,,,,,,,,
73518,US,,,,,,,,,,,,,,,,,,,,,,,,,
73519,US,,,,,,,,,,,,,,,,,,,,,,,,,
73520,US,,,,,,,,,,,,,,,,,,,,,,,,,
73521,US,,,,,,,,,,,,,,,,,,,,,,,,,
73522,US,,,,,,,,,,,,,,,,,,,,,,,,,
73523,US,,,,,,,,,,,,,,,,,,,,,,,,,
73524,US,,,,,,,,,,,,,,,,,,,,,,,,,
73525,US,,,,,,,,,,,,,,,,,,,,,,,,,
73526,US,,,,,,,,,,,,,,,,,,,,,,,,,
73527,US,,,,,,,,,,,,,,,,,,,,,,,,,
73528,US,,,,,,,,,,,,,,,,,,,,,,,,,
73529,US,,,,,,,,,,,,,,,,,,,,,,,,,
73530,US,,,,,,,,,,,,,,,,,,,,,,,,,
73531,US,,,,,,,,,,,,,,,,,,,,,,,,,
73532,US,,,,,,,,,,,,,,,,,,,,,,,,,
73533,US,,,,,,,,,,,,,,,,,,,,,,,,,
73534,US,,,,,,,,,,,,,,,,,,,,,,,,,
73535,US,,,,,,,,,,,,,,,,,,,,,,,,,
73536,US,,,,,,,,,,,,,,,,,,,,,,,,,
73537,US,,,,,,,,,,,,,,,,,,,,,,,,,
73538,US,,,,,,,,,,,,,,,,,,,,,,,,,
73539,US,,,,,,,,,,,,,,,,,,,,,,,,,
73540,US,,,,,,,,,,,,,,,,,,,,,,,,,
73541,US,,,,,,,,,,,,,,,,,,,,,,,,,
73542,US,,,,,,,,,,,,,,,,,,,,,,,,,
73543,US,,,,,,,,,,,,,,,,,,,,,,,,,
73544,US,,,,,,,,,,,,,,,,,,,,,,,,,
73545,US,,,,,,,,,,,,,,,,,,,,,,,,,
73546,US,,,,,,,,,,,,,,,,,,,,,,,,,
73547,US,,,,,,,,,,,,,,,,,,,,,,,,,
73548,US,,,,,,,,,,,,,,,,,,,,,,,,,
73549,US,,,,,,,,,,,,,,,,,,,,,,,,,
73550,US,,,,,,,,,,,,,,,,,,,,,,,,,
73551,US,,,,,,,,,,,,,,,,,,,,,,,,,
73552,US,,,,,,,,,,,,,,,,,,,,,,,,,
73553,US,,,,,,,,,,,,,,,,,,,,,,,,,
73554,US,,,,,,,,,,,,,,,,,,,,,,,,,
73555,US,,,,,,,,,,,,,,,,,,,,,,,,,
73556,US,,,,,,,,,,,,,,,,,,,,,,,,,
73557,US,,,,,,,,,,,,,,,,,,,,,,,,,
73558,US,,,,,,,,,,,,,,,,,,,,,,,,,
73559,US,,,,,,,,,,,,,,,,,,,,,,,,,
73560,US,,,,,,,,,,,,,,,,,,,,,,,,,
73561,US,,,,,,,,,,,,,,,,,,,,,,,,,
73562,US,,,,,,,,,,,,,,,,,,,,,,,,,
73563,US,,,,,,,,,,,,,,,,,,,,,,,,,
73564,US,,,,,,,,,,,,,,,,,,,,,,,,,
73565,US,,,,,,,,,,,,,,,,,,,,,,,,,
73566,US,,,,,,,,,,,,,,,,,,,,,,,,,
73567,US,,,,,,,,,,,,,,,,,,,,,,,,,
73568,US,,,,,,,,,,,,,,,,,,,,,,,,,
73569,US,,,,,,,,,,,,,,,,,,,,,,,,,
73570,US,,,,,,,,,,,,,,,,,,,,,,,,,
73571,US,,,,,,,,,,,,,,,,,,,,,,,,,
73572,US,,,,,,,,,,,,,,,,,,,,,,,,,
73573,US,,,,,,,,,,,,,,,,,,,,,,,,,
73574,US,,,,,,,,,,,,,,,,,,,,,,,,,
73575,US,,,,,,,,,,,,,,,,,,,,,,,,,
73576,US,,,,,,,,,,,,,,,,,,,,,,,,,
73577,US,,,,,,,,,,,,,,,,,,,,,,,,,
73578,US,,,,,,,,,,,,,,,,,,,,,,,,,
73579,US,,,,,,,,,,,,,,,,,,,,,,,,,
73580,US,,,,,,,,,,,,,,,,,,,,,,,,,
73581,US,,,,,,,,,,,,,,,,,,,,,,,,,
73582,US,,,,,,,,,,,,,,,,,,,,,,,,,
73583,US,,,,,,,,,,,,,,,,,,,,,,,,,
73584,US,,,,,,,,,,,,,,,,,,,,,,,,,
73585,US,,,,,,,,,,,,,,,,,,,,,,,,,
73586,US,,,,,,,,,,,,,,,,,,,,,,,,,
73587,US,,,,,,,,,,,,,,,,,,,,,,,,,
73588,US,,,,,,,,,,,,,,,,,,,,,,,,,
73589,US,,,,,,,,,,,,,,,,,,,,,,,,,
73590,US,,,,,,,,,,,,,,,,,,,,,,,,,
73591,US,,,,,,,,,,,,,,,,,,,,,,,,,
73592,US,,,,,,,,,,,,,,,,,,,,,,,,,
73593,US,,,,,,,,,,,,,,,,,,,,,,,,,
73594,US,,,,,,,,,,,,,,,,,,,,,,,,,
73595,US,,,,,,,,,,,,,,,,,,,,,,,,,
73596,US,,,,,,,,,,,,,,,,,,,,,,,,,
73597,US,,,,,,,,,,,,,,,,,,,,,,,,,
73598,US,,,,,,,,,,,,,,,,,,,,,,,,,
73599,US,,,,,,,,,,,,,,,,,,,,,,,,,
73600,US,,,,,,,,,,,,,,,,,,,,,,,,,
73601,US,,,,,,,,,,,,,,,,,,,,,,,,,
73602,US,,,,,,,,,,,,,,,,,,,,,,,,,
73603,US,,,,,,,,,,,,,,,,,,,,,,,,,
73604,US,,,,,,,,,,,,,,,,,,,,,,,,,
73605,US,,,,,,,,,,,,,,,,,,,,,,,,,
73606,US,,,,,,,,,,,,,,,,,,,,,,,,,
73607,US,,,,,,,,,,,,,,,,,,,,,,,,,
73608,US,,,,,,,,,,,,,,,,,,,,,,,,,
73609,US,,,,,,,,,,,,,,,,,,,,,,,,,
73610,US,,,,,,,,,,,,,,,,,,,,,,,,,
73611,US,,,,,,,,,,,,,,,,,,,,,,,,,
73612,US,,,,,,,,,,,,,,,,,,,,,,,,,
73613,US,,,,,,,,,,,,,,,,,,,,,,,,,
73614,US,,,,,,,,,,,,,,,,,,,,,,,,,
73615,US,,,,,,,,,,,,,,,,,,,,,,,,,
73616,US,,,,,,,,,,,,,,,,,,,,,,,,,
73617,US,,,,,,,,,,,,,,,,,,,,,,,,,
73618,US,,,,,,,,,,,,,,,,,,,,,,,,,
73619,US,,,,,,,,,,,,,,,,,,,,,,,,,
73620,US,,,,,,,,,,,,,,,,,,,,,,,,,
73621,US,,,,,,,,,,,,,,,,,,,,,,,,,
73622,US,,,,,,,,,,,,,,,,,,,,,,,,,
73623,US,,,,,,,,,,,,,,,,,,,,,,,,,
73624,US,,,,,,,,,,,,,,,,,,,,,,,,,
73625,US,,,,,,,,,,,,,,,,,,,,,,,,,
73626,US,,,,,,,,,,,,,,,,,,,,,,,,,
73627,US,,,,,,,,,,,,,,,,,,,,,,,,,
73628,US,,,,,,,,,,,,,,,,,,,,,,,,,
73629,US,,,,,,,,,,,,,,,,,,,,,,,,,
73630,US,,,,,,,,,,,,,,,,,,,,,,,,,
73631,US,,,,,,,,,,,,,,,,,,,,,,,,,
73632,US,,,,,,,,,,,,,,,,,,,,,,,,,
73633,US,,,,,,,,,,,,,,,,,,,,,,,,,
73634,US,,,,,,,,,,,,,,,,,,,,,,,,,
73635,US,,,,,,,,,,,,,,,,,,,,,,,,,
73636,US,,,,,,,,,,,,,,,,,,,,,,,,,
73637,US,,,,,,,,,,,,,,,,,,,,,,,,,
73638,US,,,,,,,,,,,,,,,,,,,,,,,,,
73639,US,,,,,,,,,,,,,,,,,,,,,,,,,
73640,US,,,,,,,,,,,,,,,,,,,,,,,,,
73641,US,,,,,,,,,,,,,,,,,,,,,,,,,
73642,US,,,,,,,,,,,,,,,,,,,,,,,,,
73643,US,,,,,,,,,,,,,,,,,,,,,,,,,
73644,US,,,,,,,,,,,,,,,,,,,,,,,,,
73645,US,,,,,,,,,,,,,,,,,,,,,,,,,
73646,US,,,,,,,,,,,,,,,,,,,,,,,,,
73647,US,,,,,,,,,,,,,,,,,,,,,,,,,
73648,US,,,,,,,,,,,,,,,,,,,,,,,,,
73649,US,,,,,,,,,,,,,,,,,,,,,,,,,
73650,US,,,,,,,,,,,,,,,,,,,,,,,,,
73651,US,,,,,,,,,,,,,,,,,,,,,,,,,
73652,US,,,,,,,,,,,,,,,,,,,,,,,,,
73653,US,,,,,,,,,,,,,,,,,,,,,,,,,
73654,US,,,,,,,,,,,,,,,,,,,,,,,,,
73655,US,,,,,,,,,,,,,,,,,,,,,,,,,
73656,US,,,,,,,,,,,,,,,,,,,,,,,,,
73657,US,,,,,,,,,,,,,,,,,,,,,,,,,
73658,US,,,,,,,,,,,,,,,,,,,,,,,,,
73659,US,,,,,,,,,,,,,,,,,,,,,,,,,
73660,US,,,,,,,,,,,,,,,,,,,,,,,,,
73661,US,,,,,,,,,,,,,,,,,,,,,,,,,
73662,US,,,,,,,,,,,,,,,,,,,,,,,,,
73663,US,,,,,,,,,,,,,,,,,,,,,,,,,
73664,US,,,,,,,,,,,,,,,,,,,,,,,,,
73665,US,,,,,,,,,,,,,,,,,,,,,,,,,
73666,US,,,,,,,,,,,,,,,,,,,,,,,,,
73667,US,,,,,,,,,,,,,,,,,,,,,,,,,
73668,US,,,,,,,,,,,,,,,,,,,,,,,,,
73669,US,,,,,,,,,,,,,,,,,,,,,,,,,
73670,US,,,,,,,,,,,,,,,,,,,,,,,,,
73671,US,,,,,,,,,,,,,,,,,,,,,,,,,
73672,US,,,,,,,,,,,,,,,,,,,,,,,,,
73673,US,,,,,,,,,,,,,,,,,,,,,,,,,
73674,US,,,,,,,,,,,,,,,,,,,,,,,,,
73675,US,,,,,,,,,,,,,,,,,,,,,,,,,
73676,US,,,,,,,,,,,,,,,,,,,,,,,,,
73677,US,,,,,,,,,,,,,,,,,,,,,,,,,
73678,US,,,,,,,,,,,,,,,,,,,,,,,,,
73679,US,,,,,,,,,,,,,,,,,,,,,,,,,
73680,US,,,,,,,,,,,,,,,,,,,,,,,,,
73681,US,,,,,,,,,,,,,,,,,,,,,,,,,
73682,US,,,,,,,,,,,,,,,,,,,,,,,,,
73683,US,,,,,,,,,,,,,,,,,,,,,,,,,
73684,US,,,,,,,,,,,,,,,,,,,,,,,,,
73685,US,,,,,,,,,,,,,,,,,,,,,,,,,
73686,US,,,,,,,,,,,,,,,,,,,,,,,,,
73687,US,,,,,,,,,,,,,,,,,,,,,,,,,
73688,US,,,,,,,,,,,,,,,,,,,,,,,,,
73689,US,,,,,,,,,,,,,,,,,,,,,,,,,
73690,US,,,,,,,,,,,,,,,,,,,,,,,,,
73691,US,,,,,,,,,,,,,,,,,,,,,,,,,
73692,US,,,,,,,,,,,,,,,,,,,,,,,,,
73693,US,,,,,,,,,,,,,,,,,,,,,,,,,
73694,US,,,,,,,,,,,,,,,,,,,,,,,,,
73695,US,,,,,,,,,,,,,,,,,,,,,,,,,
73696,US,,,,,,,,,,,,,,,,,,,,,,,,,
73697,US,,,,,,,,,,,,,,,,,,,,,,,,,
73698,US,,,,,,,,,,,,,,,,,,,,,,,,,
73699,US,,,,,,,,,,,,,,,,,,,,,,,,,
73700,US,,,,,,,,,,,,,,,,,,,,,,,,,
73701,US,,,,,,,,,,,,,,,,,,,,,,,,,
73702,US,,,,,,,,,,,,,,,,,,,,,,,,,
73703,US,,,,,,,,,,,,,,,,,,,,,,,,,
73704,US,,,,,,,,,,,,,,,,,,,,,,,,,
73705,US,,,,,,,,,,,,,,,,,,,,,,,,,
73706,US,,,,,,,,,,,,,,,,,,,,,,,,,
73707,US,,,,,,,,,,,,,,,,,,,,,,,,,
73708,US,,,,,,,,,,,,,,,,,,,,,,,,,
73709,US,,,,,,,,,,,,,,,,,,,,,,,,,
73710,US,,,,,,,,,,,,,,,,,,,,,,,,,
73711,US,,,,,,,,,,,,,,,,,,,,,,,,,
73712,US,,,,,,,,,,,,,,,,,,,,,,,,,
73713,US,,,,,,,,,,,,,,,,,,,,,,,,,
73714,US,,,,,,,,,,,,,,,,,,,,,,,,,
73715,US,,,,,,,,,,,,,,,,,,,,,,,,,
73716,US,,,,,,,,,,,,,,,,,,,,,,,,,
73717,US,,,,,,,,,,,,,,,,,,,,,,,,,
73718,US,,,,,,,,,,,,,,,,,,,,,,,,,
73719,US,,,,,,,,,,,,,,,,,,,,,,,,,
73720,US,,,,,,,,,,,,,,,,,,,,,,,,,
73721,US,,,,,,,,,,,,,,,,,,,,,,,,,
73722,US,,,,,,,,,,,,,,,,,,,,,,,,,
73723,US,,,,,,,,,,,,,,,,,,,,,,,,,
73724,US,,,,,,,,,,,,,,,,,,,,,,,,,
73725,US,,,,,,,,,,,,,,,,,,,,,,,,,
73726,US,,,,,,,,,,,,,,,,,,,,,,,,,
73727,US,,,,,,,,,,,,,,,,,,,,,,,,,
73728,US,,,,,,,,,,,,,,,,,,,,,,,,,
73729,US,,,,,,,,,,,,,,,,,,,,,,,,,
73730,US,,,,,,,,,,,,,,,,,,,,,,,,,
73731,US,,,,,,,,,,,,,,,,,,,,,,,,,
73732,US,,,,,,,,,,,,,,,,,,,,,,,,,
73733,US,,,,,,,,,,,,,,,,,,,,,,,,,
73734,US,,,,,,,,,,,,,,,,,,,,,,,,,
73735,US,,,,,,,,,,,,,,,,,,,,,,,,,
73736,US,,,,,,,,,,,,,,,,,,,,,,,,,
73737,US,,,,,,,,,,,,,,,,,,,,,,,,,
73738,US,,,,,,,,,,,,,,,,,,,,,,,,,
73739,US,,,,,,,,,,,,,,,,,,,,,,,,,
73740,US,,,,,,,,,,,,,,,,,,,,,,,,,
73741,US,,,,,,,,,,,,,,,,,,,,,,,,,
73742,US,,,,,,,,,,,,,,,,,,,,,,,,,
73743,US,,,,,,,,,,,,,,,,,,,,,,,,,
73744,US,,,,,,,,,,,,,,,,,,,,,,,,,
73745,US,,,,,,,,,,,,,,,,,,,,,,,,,
73746,US,,,,,,,,,,,,,,,,,,,,,,,,,
73747,US,,,,,,,,,,,,,,,,,,,,,,,,,
73748,US,,,,,,,,,,,,,,,,,,,,,,,,,
73749,US,,,,,,,,,,,,,,,,,,,,,,,,,
73750,US,,,,,,,,,,,,,,,,,,,,,,,,,
73751,US,,,,,,,,,,,,,,,,,,,,,,,,,
73752,US,,,,,,,,,,,,,,,,,,,,,,,,,
73753,US,,,,,,,,,,,,,,,,,,,,,,,,,
73754,US,,,,,,,,,,,,,,,,,,,,,,,,,
73755,US,,,,,,,,,,,,,,,,,,,,,,,,,
73756,US,,,,,,,,,,,,,,,,,,,,,,,,,
73757,US,,,,,,,,,,,,,,,,,,,,,,,,,
73758,US,,,,,,,,,,,,,,,,,,,,,,,,,
73759,US,,,,,,,,,,,,,,,,,,,,,,,,,
73760,US,,,,,,,,,,,,,,,,,,,,,,,,,
73761,US,,,,,,,,,,,,,,,,,,,,,,,,,
73762,US,,,,,,,,,,,,,,,,,,,,,,,,,
73763,US,,,,,,,,,,,,,,,,,,,,,,,,,
73764,US,,,,,,,,,,,,,,,,,,,,,,,,,
73765,US,,,,,,,,,,,,,,,,,,,,,,,,,
73766,US,,,,,,,,,,,,,,,,,,,,,,,,,
73767,US,,,,,,,,,,,,,,,,,,,,,,,,,
73768,US,,,,,,,,,,,,,,,,,,,,,,,,,
73769,US,,,,,,,,,,,,,,,,,,,,,,,,,
73770,US,,,,,,,,,,,,,,,,,,,,,,,,,
73771,US,,,,,,,,,,,,,,,,,,,,,,,,,
73772,US,,,,,,,,,,,,,,,,,,,,,,,,,
73773,US,,,,,,,,,,,,,,,,,,,,,,,,,
73774,US,,,,,,,,,,,,,,,,,,,,,,,,,
73775,US,,,,,,,,,,,,,,,,,,,,,,,,,
73776,US,,,,,,,,,,,,,,,,,,,,,,,,,
73777,US,,,,,,,,,,,,,,,,,,,,,,,,,
73778,US,,,,,,,,,,,,,,,,,,,,,,,,,
73779,US,,,,,,,,,,,,,,,,,,,,,,,,,
73780,US,,,,,,,,,,,,,,,,,,,,,,,,,
73781,US,,,,,,,,,,,,,,,,,,,,,,,,,
73782,US,,,,,,,,,,,,,,,,,,,,,,,,,
73783,US,,,,,,,,,,,,,,,,,,,,,,,,,
73784,US,,,,,,,,,,,,,,,,,,,,,,,,,
73785,US,,,,,,,,,,,,,,,,,,,,,,,,,
73786,US,,,,,,,,,,,,,,,,,,,,,,,,,
73787,US,,,,,,,,,,,,,,,,,,,,,,,,,
73788,US,,,,,,,,,,,,,,,,,,,,,,,,,
73789,US,,,,,,,,,,,,,,,,,,,,,,,,,
73790,US,,,,,,,,,,,,,,,,,,,,,,,,,
73791,US,,,,,,,,,,,,,,,,,,,,,,,,,
73792,US,,,,,,,,,,,,,,,,,,,,,,,,,
73793,US,,,,,,,,,,,,,,,,,,,,,,,,,
73794,US,,,,,,,,,,,,,,,,,,,,,,,,,
73795,US,,,,,,,,,,,,,,,,,,,,,,,,,
73796,US,,,,,,,,,,,,,,,,,,,,,,,,,
73797,US,,,,,,,,,,,,,,,,,,,,,,,,,
73798,US,,,,,,,,,,,,,,,,,,,,,,,,,
73799,US,,,,,,,,,,,,,,,,,,,,,,,,,
73800,US,,,,,,,,,,,,,,,,,,,,,,,,,
73801,US,,,,,,,,,,,,,,,,,,,,,,,,,
73802,US,,,,,,,,,,,,,,,,,,,,,,,,,
73803,US,,,,,,,,,,,,,,,,,,,,,,,,,
73804,US,,,,,,,,,,,,,,,,,,,,,,,,,
73805,US,,,,,,,,,,,,,,,,,,,,,,,,,
73806,US,,,,,,,,,,,,,,,,,,,,,,,,,
73807,US,,,,,,,,,,,,,,,,,,,,,,,,,
73808,US,,,,,,,,,,,,,,,,,,,,,,,,,
73809,US,,,,,,,,,,,,,,,,,,,,,,,,,
73810,US,,,,,,,,,,,,,,,,,,,,,,,,,
73811,US,,,,,,,,,,,,,,,,,,,,,,,,,
73812,US,,,,,,,,,,,,,,,,,,,,,,,,,
73813,US,,,,,,,,,,,,,,,,,,,,,,,,,
73814,US,,,,,,,,,,,,,,,,,,,,,,,,,
73815,US,,,,,,,,,,,,,,,,,,,,,,,,,
73816,US,,,,,,,,,,,,,,,,,,,,,,,,,
73817,US,,,,,,,,,,,,,,,,,,,,,,,,,
73818,US,,,,,,,,,,,,,,,,,,,,,,,,,
