year,ISO2 Code,AIP_SA_IX,ENSE_XDC_XDR_RATE,FIMM_PA,LUR_PT,PCPI_IX,RAFAGOLDV_OZT,RAXG_USD,TMG_CIF_XDC,TXG_FOB_XDC,ISO Code
1990-01-01,BR,,8.54693438802243E-06,49023.3720998911,,0.000173730928277776,3.027,7807.7109334818,0.0116309427152226,0.0141212246170306,BRA
1990-02-01,BR,,1.46697615732788E-05,132334.739620928,,0.000305297327958838,2.876,7618.0756060626,0.0140538404970453,0.020217254806084,BRA
1990-03-01,BR,,2.01321170179302E-05,4180.64394365691,,0.000556831812447407,3.293,6051.14556026745,0.0292410047660182,0.0364152242995434,BRA
1990-04-01,BR,,2.42700524659966E-05,64.4041791872124,,0.000643251989013768,3.223,7587.95747684854,0.0306863430554726,0.0530211984541358,BRA
1990-05-01,BR,,2.63446599452058E-05,94.2704628168449,,0.000692074848725252,3.637,8611.55489313688,0.0379058046259916,0.0730468906377021,BRA
1990-06-01,BR,,2.93764803296681E-05,173.018864695666,,0.000773393731747028,3.752,8790.72503706842,0.036731165895788,0.0620341622164202,BRA
1990-07-01,BR,,3.42600616273901E-05,371.247619154776,,0.000873316218071095,3.974,9065.46386802502,0.0495176336396534,0.0887157689023281,BRA
1990-08-01,BR,,3.61222301599E-05,270.425116725952,,0.000985799291219443,4.524,8976.16705611686,0.0675231761643263,0.0950704940924878,BRA
1990-09-01,BR,,4.26494157562254E-05,446.867506561545,,0.00112785304241847,4.471,8456.50988720234,0.0670334802195811,0.0847368934595627,BRA
1990-10-01,BR,,5.56442927529746E-05,524.401220347251,,0.00128981269089114,4.79,8181.75713958679,0.0906731427676421,0.0960691215535979,BRA
1990-11-01,BR,,7.50785689363781E-05,776.570219317712,,0.00150663018859342,4.428,7064.4574968968,0.130876001174205,0.141986324839044,BRA
1990-12-01,BR,,9.15984330077171E-05,1082.84035188906,,0.0017844529024818,4.569,8238.52600759699,0.148606485592627,0.193632732531498,BRA
1991-01-01,BR,57.0226551098831,0.000114853954332849,886.928710604941,,0.00215472692951393,4.515,8122.6467961778,0.144997871064819,0.244899448687259,BRA
1991-02-01,BR,56.1041902855634,0.000115414615499848,121.459501503604,,0.00260119703377076,3.75,8402.67961247798,0.128789850668878,0.217822204142322,BRA
1991-03-01,BR,55.4348006678389,0.000116972463028442,180.956983207884,,0.00291133500383287,3.967,7221.1954736998,0.162796382610338,0.260128656398831,BRA
1991-04-01,BR,59.209846767797,0.000127123044556205,202.729066458364,,0.00305658926447629,3.229,7653.22549945027,0.192615156698623,0.329980382427775,BRA
1991-05-01,BR,60.229498394796,0.000138813720471002,199.105420110085,,0.0032837490183697,3.265,8497.92582461786,0.203066558499399,0.343946278275743,BRA
1991-06-01,BR,62.8214372634271,0.000149242244991121,224.975812327201,,0.00365116865846757,3.56,9112.62484423062,0.258601717064074,0.362333879221255,BRA
1991-07-01,BR,64.0512460959907,0.000168119119747946,306.192644331678,,0.00410424238208062,3.547,8810.25984899015,0.279026595444778,0.364557007287516,BRA
1991-08-01,BR,64.4871277075323,0.000191437201076884,478.431580855805,,0.00474575380511344,3.506,7990.50965305167,0.380971633836028,0.450630128838067,BRA
1991-09-01,BR,61.7784348358098,0.00023127969158065,772.19120892954,,0.00548755085413542,3.197,6828.90465116279,0.338977181674483,0.384178181752806,BRA
1991-10-01,BR,63.3118040764113,0.000320519175272588,1493.59537997559,,0.00659765693041027,2.491,7105.69536205742,0.616014512172908,0.670963897180609,BRA
1991-11-01,BR,59.521190776041,0.000421947919255515,2809.62184455776,,0.0082609457631699,2.033,7132.10221191285,0.701799505831641,0.787409202499191,BRA
1991-12-01,BR,55.8940330799987,0.000555943505778289,2494.26431918466,,0.0102195625039299,2.024,8675.94514011071,0.813634350345554,1.042205299841,BRA
1992-01-01,BR,56.0574886843268,0.000670439460630198,2035.50173817342,4.9,0.0128705462747548,3.01,10788.793104171,0.935723726302661,1.33101333538052,BRA
1992-02-01,BR,57.9956051356455,0.000818930020487689,1976.68973479209,6.4,0.0160006528594038,3.413,13169.4293857711,1.06204831830928,1.52862393810679,BRA
1992-03-01,BR,57.1160583123563,0.000991644843496693,1637.38666858862,6.2,0.0194248383570954,3.491,15844.4993141289,1.24842400195487,2.26663730467608,BRA
1992-04-01,BR,57.4663203216308,0.00119347600321767,1211.28428665115,5.9,0.0232962090006301,3.523,17314.2105963893,1.55827003857972,2.54908728566229,BRA
1992-05-01,BR,56.1508918868,0.00144663468678716,1099.11638487169,6.5,0.0290876541343526,2.832,19554.5549659997,1.93835212750716,3.31680310945062,BRA
1992-06-01,BR,57.1549763133868,0.00179374787764293,1257.734754609,,0.0349663683759186,1.764,21104.6432112547,2.44666303408443,4.02655162659244,BRA
1992-07-01,BR,57.1627599135929,0.00220805478387362,1533.52280110154,,0.0425995256066709,1.761,22094.0880365086,3.51200057794291,5.70228515021557,BRA
1992-08-01,BR,56.8436323051428,0.00276675739107342,1447.15965802445,5.9,0.0520310750373588,1.742,22502.2965968237,3.56103994515214,6.11508299781896,BRA
1992-09-01,BR,58.2057623412102,0.00342770226121235,1773.51891089004,5.7,0.0648463091369547,1.97,21286.0759043243,4.45280208562625,7.53312324984985,BRA
1992-10-01,BR,58.2368967420346,0.00410742883727826,1867.17595337348,5.8,0.0812134729845976,2.09,23407.2387841467,6.7649534048517,10.0537517703277,BRA
1992-11-01,BR,59.3966531727434,0.00498927920989081,1563.2781691438,5.8,0.0994784349033621,2.063,23780.0031682994,10.5923206624258,12.8265696874335,BRA
1992-12-01,BR,58.7506143556372,0.00619377322664961,1489.04640523518,4.5,0.124586765416111,2.23,23007.500004125,11.5987031321778,16.5101793329845,BRA
1993-01-01,BR,59.9492887873764,0.007899348630365,1930.71325019871,6,0.162398787393927,2.209,22576.8697091135,13.6407054460396,17.1167521422338,BRA
1993-02-01,BR,61.2335828213828,0.00993696199079512,2003.94803103199,5.8,0.202965983081844,2.504,22058.4320769517,11.959246673361,22.3434144919966,BRA
1993-03-01,BR,61.015642015612,0.012768060788188,1900.58266383538,5.9,0.258294565346812,2.7,21418.7482912852,21.0697155176177,34.117061587237,BRA
1993-04-01,BR,61.6227628316878,0.0167017790671088,2346.38078058116,6.1,0.32997130361842,2.863,21782.7133130928,28.5108831399962,37.6435773555562,BRA
1993-05-01,BR,63.0860796704344,0.0216608214048394,2430.90450356778,5.4,0.421340261491597,2.402,23225.3132347878,27.5110442158839,46.2363962775293,BRA
1993-06-01,BR,62.6034964576563,0.0277331602052425,2675.44511872352,5,0.548037154121643,2.288,23630.2518710032,51.2862079877094,67.4152142010985,BRA
1993-07-01,BR,62.9693256673429,0.0359832865566117,2889.71047259539,5.2,0.71639428962074,2.641,24927.9164875649,81.2345258057637,92.9972529862159,BRA
1993-08-01,BR,62.2843688492062,0.0484473812542794,3448.86301151044,5.3,0.952517910154238,2.546,26104.1949739527,90.950217154201,125.417773037085,BRA
1993-09-01,BR,62.035293642611,0.0660562468400274,4360.55357608157,5.1,1.29247154108265,2.775,25929.5049293707,115.406156431469,165.751754877464,BRA
1993-10-01,BR,62.6112800578624,0.0881344806963683,4838.93239440931,4.9,1.73087776144143,2.845,27995.4814956101,148.092679634863,212.066748348296,BRA
1993-11-01,BR,62.2298836477635,0.11875249163906,4830.37457562442,4.7,2.34637830259231,2.81,29974.7834114366,195.296165526629,282.430693502381,BRA
1993-12-01,BR,63.288453275793,0.162881558044454,5756.83321650121,4.4,3.21078395303693,2.926,31104.5691185912,330.80288526096,412.315143690682,BRA
1994-01-01,BR,64.2614033015554,0.230276320539257,7066.02751555522,,4.53715880403649,2.929,34262.2808732486,321.839913231172,464.659228660471,BRA
1994-02-01,BR,63.1716992727015,0.324356848505202,6615.72818862274,,6.36441595170981,3.212,35307.6696128847,658.461221396377,662.244762340465,BRA
1994-03-01,BR,63.7866036889834,0.469159412339112,9609.67805540755,,9.08523427351331,3.364,36990.9769283361,805.375169581059,1113.69512775378,BRA
1994-04-01,BR,63.5063940815638,0.673104145510161,9665.52841524591,,12.962898053596,3.058,37127.7813494878,1117.10982441953,1745.33801284848,BRA
1994-05-01,BR,65.1409501248446,0.96650324376212,10944.3607719612,,18.6703876085145,3.184,40200.2811211112,1942.40886736652,2649.84268588164,BRA
1994-06-01,BR,65.3978089316459,1.44836855765666,13533.008929936,,27.5257297509903,3.338,41600.1347075454,2241.77443102648,3112.800508,BRA
1994-07-01,BR,65.7013693396838,1.35667193940584,121.957442839087,,29.4085334610512,3.396,41781.0261335427,2508.27643242649,3472.8419822008,BRA
1994-08-01,BR,68.7214062196503,1.28700687658342,63.2720967185108,,29.9556510466487,3.67,41583.8842200507,2675.65151082446,3843.6132597984,BRA
1994-09-01,BR,69.1028026297492,1.2516764834494,56.9908164856244,,30.4138299167471,3.895,41952.1000539996,2441.37800886466,3596.872370576,BRA
1994-10-01,BR,69.1495042309857,1.25591959739315,53.2226804054052,,31.2107464938908,3.638,41423.5140853016,2893.66604199252,3246.910939285,BRA
1994-11-01,BR,70.2547754602518,1.2309458325564,61.4011611306839,,32.0876115914652,3.682,40512.236068024,3432.29187368859,3116.1794417272,BRA
1994-12-01,BR,74.107657562271,1.23503108745509,56.4473611484339,,32.6363345690392,3.711,37388.5369980861,4214.79526587157,3153.1563123312,BRA
1995-01-01,BR,72.9089831305317,1.24338436820716,48.8449811058256,,33.191158036124,3.681,36883.8420438168,2979.00170302549,2521.5384611728,BRA
1995-02-01,BR,72.620989922906,1.27322477049825,46.7846778221791,,33.5295746647741,3.771,36573.8154631056,3606.98566969535,2478.8420471152,BRA
1995-03-01,BR,72.620989922906,1.39820636339945,64.9729145544772,,34.0494005867708,4.001,32223.8515342038,4496.62198971871,3374.748386964,BRA
1995-04-01,BR,71.523502293846,1.43617816159757,64.9729145544772,,34.8768196114684,4.025,30331.8264348018,3756.24682249834,3076.593056012,BRA
1995-05-01,BR,63.5063940815638,1.42777446836676,64.7831360223648,,35.8079469578491,4.164,32101.0498712482,4693.80852108292,3769.163823888,BRA
1995-06-01,BR,67.8496429965672,1.4463947590937,60.8437249475225,,36.6170645140144,4.268,31864.2425221234,4783.8342591719,3761.472425953,BRA
1995-07-01,BR,66.1683853520498,1.45972651961274,60.4730818653862,,37.4810864757766,4.402,40119.2293408149,4308.86438122876,3714.9497983356,BRA
1995-08-01,BR,64.6583669120665,1.41936061610101,57.1723524614844,,37.8522531007477,4.569,45901.9130757291,4484.95017258542,4289.166015494,BRA
1995-09-01,BR,65.2421369275239,1.43702833386055,47.9833212064614,,38.2269515880671,4.728,46899.9215343365,3761.07673340579,3966.0424079422,BRA
1995-10-01,BR,66.0749821495765,1.43776079964609,44.0782668091149,,38.766042213782,4.846,47836.9143366572,4457.15870993084,4225.458497392,BRA
1995-11-01,BR,66.503080160912,1.43710617049102,40.5955150195698,,39.3359563654461,4.85,49393.0081530139,4256.06984645278,3897.6695451191,BRA
1995-12-01,BR,67.2425221804914,1.44634978772996,38.9643371436778,,39.9495371788714,4.575,50073.0083808018,4053.82726270297,3750.2656272762,BRA
1996-01-01,BR,66.4641621598815,1.42120307235361,35.7539067851606,,40.4847748638427,4.341,51827.9847761424,3586.18307073564,3382.642072702,BRA
1996-02-01,BR,66.1139001506071,1.4451843344368,32.146043272604,,40.9018556993422,4.328,54053.1040870518,3588.30985407356,3338.6542103582,BRA
1996-03-01,BR,66.0049297477217,1.44265118759726,30.1459085090916,,41.0450566636476,4.483,53966.006858913,4084.43016836499,3359.4074254731,BRA
1996-04-01,BR,67.7251053932696,1.43917961686646,27.8725651353692,,41.5623139584819,4.457,55009.7645212136,4298.5315554685,4227.7548887546,BRA
1996-05-01,BR,67.7406725936818,1.43987816415534,26.9734648531915,,42.0692967446664,4.503,57626.9030707017,4506.78691584233,4482.7687130572,BRA
1996-06-01,BR,67.5538661887354,1.44969163021028,26.5260912265232,,42.5698579629449,4.483,58373.9655012651,4433.99425593292,3843.4015600481,BRA
1996-07-01,BR,71.3211286884875,1.4819547968614,25.7836782608987,,43.0424853608319,4.489,57912.1649216962,5151.04668660688,4487.925634302,BRA
1996-08-01,BR,69.8344610491225,1.48229021052923,26.3772880785026,,43.2319216140611,4.52,57966.8752698485,5023.39625215154,4437.808621162,BRA
1996-09-01,BR,70.6750898713812,1.47032152757986,25.3401494152225,,43.2967794499124,4.545,57136.789045205,5149.45094625684,4193.0174929263,BRA
1996-10-01,BR,71.1576730841594,1.48484423380909,24.7510076069336,,43.4268162000104,4.49,56958.8213775918,5984.00321576992,4291.369165792,BRA
1996-11-01,BR,71.601338295907,1.49257828018347,23.8720531575528,,43.5658431451769,4.984,58653.9479591173,5205.70333394044,4028.90562477,BRA
1996-12-01,BR,70.9630830790069,1.49461054423725,23.8720531575528,,43.7706911613807,3.69,58789.943587583,6427.27651949845,3929.2274321887,BRA
1997-01-01,BR,71.0175682804496,1.45881361912692,22.853782957617,,44.2873062994243,4.087,57807.7964843429,2794.59729625112,3852.9719242353,BRA
1997-02-01,BR,71.3444794891058,1.45626429084846,21.9870931855711,,44.5088503921839,3.627,58135.1691565578,4761.78080605029,3306.3786208001,BRA
1997-03-01,BR,72.2318099126011,1.46912996384384,21.5558533559514,,44.7358528176636,3.734,57678.1693944433,5311.58019659479,4048.6449701968,BRA
1997-04-01,BR,70.8307618755032,1.4526476202961,21.8431910032608,,45.1294949303059,4.748,54542.0707902851,6223.86170295742,4917.6661365104,BRA
1997-05-01,BR,70.41823106458,1.49158590780476,20.6975631525164,,45.3144360860009,4.041,57891.3075336432,5366.67923770559,4987.7947981485,BRA
1997-06-01,BR,72.9946027327988,1.49488679033134,21.1260113850781,,45.5590978232223,3.979,56253.3289597703,5926.59462494725,5214.1508079445,BRA
1997-07-01,BR,72.0761379084791,1.47192487395437,20.9830406509082,,45.659274282557,3.242,59258.3219635266,6604.14989388109,5659.22055055627,BRA
1997-08-01,BR,72.6676915241426,1.48847914956516,20.8402246241221,,45.6502840874885,2.974,62120.5004090727,6171.26149229114,5518.67508747307,BRA
1997-09-01,BR,74.4501359713394,1.4968183735684,20.8402246241221,,45.6775757510893,2.954,60976.5010095742,6280.05028042497,5015.89990607755,BRA
1997-10-01,BR,74.8393159816443,1.5262707854255,21.9870931855711,,45.7825683863536,3.114,52735.0422432901,6582.68410781668,5270.66728615473,BRA
1997-11-01,BR,71.4923678930217,1.51136931585276,43.2419419569891,,45.8602693580171,3.401,51019.5094967867,6166.88012201603,4401.01703524419,BRA
1997-12-01,BR,68.3633606101698,1.50630370018566,42.0785620029589,,46.0574114927336,3.029,51329.5047871422,6222.15776399874,5047.46553252788,BRA
1998-01-01,BR,69.6165202433517,1.51178199772634,37.1900910288056,,46.3842692991528,2.72,52679.0193113098,5498.30447164044,4385.05655229133,BRA
1998-02-01,BR,70.9163814777703,1.52630527185625,34.32,,46.5977864320297,3.216,57082.4052742867,4701.11644845569,4186.81646004961,BRA
1998-03-01,BR,70.6206046699385,1.51943646994858,28.32,,46.7560780809144,3.203,67644.4290197137,6202.02249247186,4843.7076164211,BRA
1998-04-01,BR,71.204374685396,1.54097874976433,25.16,,46.8681344408754,3.176,73697.1909343101,5594.17537499856,5220.93851933618,BRA
1998-05-01,BR,72.6054227224939,1.53633728111701,22.6,,47.1025216694471,3.123,71877.9421720244,5755.64973014382,5293.25415131796,BRA
1998-06-01,BR,71.5702038950827,1.54046295112702,21.02,,47.1118329429109,2.65,70115.9577407964,5746.96008708113,5639.7023001024,BRA
1998-07-01,BR,72.1851083113645,1.54539737745108,20.33,,47.0553231453375,5.902,68481.7424209187,6650.98277707703,5770.75160250603,BRA
1998-08-01,BR,70.9864338796252,1.57965945178341,19.23,,46.8154775840456,4.003,66173.3707468384,5145.43837041462,4668.45357422358,BRA
1998-09-01,BR,70.6750898713813,1.62584010652434,34.29,,46.7124114191531,4.791,44379.3787853647,7169.84854536885,5357.155154793,BRA
1998-10-01,BR,68.5657342155284,1.68044267242776,41.58,,46.7217226926169,4.763,40986.5999062039,6860.25540948176,4771.9360733682,BRA
1998-11-01,BR,69.165071431398,1.65785431253287,38.73,,46.6655339734388,4.679,39809.4035368111,5975.68486666682,4419.2808863112,BRA
1998-12-01,BR,66.814424169156,1.70187900846927,31.24,,46.8196516031846,4.595,43164.7527720479,5663.29529286473,4752.30700913025,BRA
1999-01-01,BR,68.8770782237723,2.75508970301901,31.19,,47.1474726447896,9.09681388505478,33469.97671236,5821.1104958174,4428.20013348564,BRA
1999-02-01,BR,67.8029413953306,2.81852469896135,38.97,,47.6425755303479,9.19131773009391,32779.6256042313,6374.99774161514,6250.44220818935,BRA
1999-03-01,BR,67.8963445978038,2.33711673227304,43.25,,48.1665754714836,9.06194895507922,31214.9768178451,8123.93615978597,7262.18202527668,BRA
1999-04-01,BR,69.0716682289248,2.2428989729336,36.12,,48.4362813235387,8.90953469826912,41759.8340686016,6542.73375943932,6278.00689322837,BRA
1999-05-01,BR,70.3248278621068,2.31246452194708,27.11,,48.5817298366112,8.35463320874539,41953.1792082601,7239.8521745452,7382.92459321923,BRA
1999-06-01,BR,69.8266774489165,2.36275905922461,22.01,,48.6738793360634,8.39168605015867,39070.5683531078,8278.90059700099,7611.84393292283,BRA
1999-07-01,BR,68.9549142258333,2.43974974966782,20.74,,49.2043008451051,8.34716713197818,39977.4167844563,7647.43065542039,7410.41883274141,BRA
1999-08-01,BR,70.106887056336,2.62341028268338,19.51,,49.4797861082757,8.47827978094898,39725.8477253759,8836.54748637529,8042.4246283309,BRA
1999-09-01,BR,71.0175682804496,2.66645018671396,19.38,,49.6332615812308,5.7979225023977,41049.6909189518,8486.80771997693,7945.65687028834,BRA
1999-10-01,BR,72.1695411109523,2.6954408637782,18.91,,50.2240458285896,4.58876629889669,38679.9713170637,9243.08793658159,8475.31036479699,BRA
1999-11-01,BR,71.6169054963193,2.63228538635797,18.95,,50.7011683240109,4.32641153252102,40914.9439544924,9204.11044762766,7721.42807690294,BRA
1999-12-01,BR,72.2473771130133,2.45432622692292,18.99,,51.0052295643635,3.66236003445306,35279.3244434703,8614.42930723639,8612.11150633214,BRA
2000-01-01,BR,71.5624202948766,2.43734154438922,18.94,,51.3214917837377,3.5884221673138,36543.2998004469,6776.03594830587,6228.4630924931,BRA
2000-02-01,BR,71.6558234973498,2.36744478819291,18.87,,51.3882760899608,3.62165843691469,37300.4749061082,7563.68579288002,7321.22772429888,BRA
2000-03-01,BR,72.8311471284708,2.35231527624384,18.85,,51.5012956851077,3.72177055103884,38169.9490539654,8164.00625030159,7790.7528527035,BRA
2000-04-01,BR,73.5083203464014,2.38235953722148,18.62,,51.7177025235424,3.82200471270618,27666.37986362,7420.77375743121,7395.88564062427,BRA
2000-05-01,BR,73.2981631408367,2.41008386056943,18.51,,51.7228397778673,3.82266867841938,27529.3656894818,9041.13374161021,9257.41520960151,BRA
2000-06-01,BR,75.0883911882396,2.40603273392022,18.04,,51.8419598625249,3.82369381669634,27159.5138128798,8767.26664487939,8792.98369272793,BRA
2000-07-01,BR,75.6176760022543,2.32987573120536,16.85,,52.6767636903145,3.8248415508813,28152.6721234085,9248.44265117136,8997.88694453429,BRA
2000-08-01,BR,75.6021088018421,2.37812531804458,16.52,,53.3667611618222,3.82558026445458,30332.865249063,10346.3811923879,9989.12224330372,BRA
2000-09-01,BR,74.6992111779346,2.39188247341596,16.56,,53.4894131088282,3.82643468454299,30381.8627118099,9821.75873793269,8692.75579423158,BRA
2000-10-01,BR,76.3182000208032,2.4412429588141,16.6,,53.564224374934,3.72724294072142,29409.89069093,10431.2513580003,8722.08693255733,BRA
2000-11-01,BR,75.6799448039031,2.51111464363914,16.51,,53.7356802380261,2.90799522210522,31750.773177047,10615.1038153268,8558.63860322513,BRA
2000-12-01,BR,79.0813780939685,2.5466636439205,16.19,,54.0525846141909,2.1181,32433.9847506899,10098.1875194945,9151.8461586231,BRA
2001-01-01,BR,77.1666124432681,2.55703460296078,15.49,,54.3608198736824,1.9883,35071.9894544223,10348.0917849198,8874.82828472116,BRA
2001-02-01,BR,77.9605396642902,2.64233710606959,15.2,,54.610939943624,1.3584011,35050.9199868426,8476.86807965664,8179.52884610431,BRA
2001-03-01,BR,76.8630520352302,2.72401451765605,15.39,,54.8183565869902,1.0284011,34142.0956256043,12054.7064689973,10804.6439630664,BRA
2001-04-01,BR,76.5984096282228,2.76436389504556,16.02,,55.1362241983408,1.1188799,34358.5626465439,10658.9792851335,10380.0885530234,BRA
2001-05-01,BR,77.1899632438864,2.95896802352926,16.43,,55.3622633886346,1.1196948,35155.1803590847,12537.0342425086,12340.0068047079,BRA
2001-06-01,BR,76.2325804185362,2.87009759652215,17.28,,55.650270709222,1.1202919,37016.3507900523,11913.4115968867,11990.5842343488,BRA
2001-07-01,BR,76.0457740135898,3.05936078807019,18.57,,56.3903564103971,1.12080902455902,35252.1138672537,12613.7126685071,12254.5316061047,BRA
2001-08-01,BR,76.061341214002,3.2861370080424,19,,56.7849617582253,1.12107427654159,35993.7396949751,13445.4535909305,14391.285337263,BRA
2001-09-01,BR,74.6058079754614,3.44229752897047,19.06,,56.9438955639006,1.12128942127089,39725.6024238463,11700.5768933883,12714.8140844583,BRA
2001-10-01,BR,72.8934159301196,3.45885745105607,19.06,,57.4165229617877,1.12159507869875,37179.9122634379,13717.3953853088,13722.3082168023,BRA
2001-11-01,BR,73.7418283525844,3.20051757252409,19.05,,57.8242925238234,1.0969655653655,36931.5353719856,11294.3341571073,11457.9705661774,BRA
2001-12-01,BR,73.9597691583552,2.91511041627918,19.0500000000003,,58.200275324724,1.09730608384316,35563.0403980627,8726.39976457941,10279.646674434,BRA
2002-01-01,BR,75.7966988069946,3.00263934171712,19.0500000000003,,58.5030522514954,1.09764338724659,35857.5244000639,9526.9429898051,9452.98935818341,BRA
2002-02-01,BR,78.2480797515934,2.91459108314419,18.9660519095556,,58.7136796788146,1.09791578730368,35580.2816431961,8668.05823096013,8861.5049652864,BRA
2002-03-01,BR,78.1500245138094,2.89632796786956,18.721941105379,,59.0659026784627,1.09816566158624,36395.8286401778,9068.99708550412,10009.3336236158,BRA
2002-04-01,BR,77.9539140382415,2.99394289741971,18.374981020606,,59.5385300763498,1.0983867911762,32669.0929392083,10129.305581208,10782.92735944,BRA
2002-05-01,BR,77.1694721359699,3.25400943213586,18.3656970336,,59.6634295721229,1.09853680653944,32530.0744777155,10583.9031290359,11030.2279793717,BRA
2002-06-01,BR,78.3461349893773,3.78330985062871,18.0992464982437,,59.9138707204598,1.09865961562309,41648.7549075577,9711.21126668261,11083.827090117,BRA
2002-07-01,BR,78.3461349893773,4.53307730049342,18.1697141169668,,60.6269858364293,1.08827891418327,38728.0999711711,15492.9874692434,18281.959018115,BRA
2002-08-01,BR,77.3655826115378,4.0110820828156,17.8395431604093,,61.0209490274669,1.08837803170648,37302.9884532676,13614.693910521,17905.8720456725,BRA
2002-09-01,BR,78.3461349893773,5.15070109373533,17.8942852064626,,61.4601842722424,1.08846018360453,38033.1407751854,14084.8953620466,21713.9121055403,BRA
2002-10-01,BR,78.7383559405131,4.81629945059665,19.5863849370542,,62.265448887664,1.07979382918587,35513.4153893426,10365.4366173688,14919.1947775435,BRA
2002-11-01,BR,79.2286321294329,4.81394729908122,21.2490633966473,,64.1460050489578,1.07987361028819,35245.8400610907,7611.75127990528,9648.74473166718,BRA
2002-12-01,BR,77.4636378493218,4.80251566170713,23.034265242079,,65.4929289172568,1.07995996621729,37461.990439998,8667.46698420843,12586.6032967982,BRA
2003-01-01,BR,77.7578035626736,4.85231080117502,25.0575142693485,,66.9666787517007,1.08004230941225,38380.2703415938,13211.6212545293,16540.6229356327,BRA
2003-02-01,BR,77.9539140382415,4.88350542032911,25.6766977812857,,68.0182104963203,1.08010208117863,38150.8349114511,14667.5254191416,17984.1904303586,BRA
2003-03-01,BR,77.9539140382415,4.60535173111109,26.3163142390118,,68.8549407944817,1.080164126324,41974.0863930916,13431.2505143153,18081.6469137851,BRA
2003-04-01,BR,77.6597483248897,3.99812341455516,26.3189999643723,,69.5227838567134,1.08022126815966,41136.3851830775,13134.5809555712,17836.5212791955,BRA
2003-05-01,BR,76.3850302336983,4.20987463240984,26.3080939704944,,69.9469284169096,1.08027601412202,42982.5161344112,12045.6891312272,18859.4853984015,BRA
2003-06-01,BR,76.4830854714823,4.02214477031525,26.0862721067706,,69.8419357816453,1.08032094832086,47580.4257920023,10717.0266347207,16959.3779794262,BRA
2003-07-01,BR,76.4830854714823,4.12670617941087,25.3592942893312,,69.9816048836024,1.08036309054925,47262.6723554851,12290.5490615278,17606.3449909871,BRA
2003-08-01,BR,77.4636378493218,4.08455864124417,23.4967409282545,,70.2195239745224,1.08040021790487,47387.1918425127,11790.3606350715,19254.55924386,BRA
2003-09-01,BR,79.9150187939206,4.17871267168238,21.0196507171838,,70.7672837169105,1.08002907680976,52259.4700691129,14248.3075392736,21308.1331759628,BRA
2003-10-01,BR,79.9150187939206,4.0883006506002,19.5365247140555,,70.9724528115096,1.08007028313005,53676.4476265907,15129.879970357,21683.3838505515,BRA
2003-11-01,BR,81.5819578362477,4.27187222920856,18.3123074892203,,71.213903764778,1.08010929580519,53996.8393651226,13075.5654503322,17460.3826141934,BRA
2003-12-01,BR,79.130576891649,4.29207636103727,16.9094660969307,,71.5841071545631,1.08014501913789,48846.5964570736,12372.0901479559,19775.0426209185,BRA
2004-01-01,BR,80.8955711717601,4.35520688751061,16.3171416640107,,72.1280139562076,1.08017462611339,52830.2257788741,12673.9356016259,16565.2660592416,BRA
2004-02-01,BR,81.7780683118157,4.31145488291136,16.2994419856279,,72.5678913577737,1.08020133502099,52532.1715079146,11615.5884122233,16797.8784161633,BRA
2004-03-01,BR,82.6605654518712,4.30503285256173,16.1917000705758,,72.9088766135862,1.08023015976893,51154.5803595712,16413.2980099983,23078.1643665529,BRA
2004-04-01,BR,83.3469521163589,4.27404777978615,15.95593129996,,73.1785824656413,1.08026039175486,50078.4223217279,14171.1507491375,19195.1441437322,BRA
2004-05-01,BR,84.0333387808465,4.5949070164023,15.7704738674063,,73.5516755609842,1.08029228625568,50114.9321421642,15827.7262007284,24676.2240168925,BRA
2004-06-01,BR,84.6216702075502,4.5551116161431,15.7990458546178,,74.073749031748,1.08032410873883,49377.2390316619,18356.8094663105,29245.7582173275,BRA
2004-07-01,BR,85.11194639647,4.41116874105302,15.7736344578115,,74.7476925834904,1.0803573529278,49243.3290143852,17797.0275431884,27361.6589771683,BRA
2004-08-01,BR,86.0924987743095,4.28432867651785,15.8613609178162,,75.2633444863482,1.07998882600954,49154.6718699992,17882.6517488693,27244.0769787527,BRA
2004-09-01,BR,86.4847197254453,4.19809089546933,16.0937124056672,,75.5118591643132,1.08001595416282,49047.2862605381,17654.0087375037,25842.0641830247,BRA
2004-10-01,BR,85.7002778231737,4.28006174967402,16.409747962994,,75.8441753034525,1.08004164839299,48957.0943475112,17657.5125503257,25277.4571490461,BRA
2004-11-01,BR,85.8963882987416,4.1928666435257,16.9582441148085,,76.3675330877976,1.08006621670417,49645.9291384951,17938.6843907455,22779.0399815207,BRA
2004-12-01,BR,86.3866644876614,4.12106002062394,17.5006002673143,,77.0241384061936,1.08009206782996,52461.7848599627,16366.1951684075,25039.6702771956,BRA
2005-01-01,BR,86.9749959143651,3.98977619849137,17.9307033341329,,77.4707584540611,1.08011836842314,53566.3580670493,14969.6271546851,20079.4070822657,BRA
2005-02-01,BR,85.6022225853898,3.97428708869913,18.4730771894619,,77.9279740889735,1.0801430183972,58547.0885960421,13726.9251352543,20186.9801309536,BRA
2005-03-01,BR,86.4847197254453,4.02695311909834,18.9724695176937,,78.403170114023,1.08017125864465,61497.7840615226,16897.6155765779,25070.3742771064,BRA
2005-04-01,BR,86.3866644876614,3.83821408149057,19.3164427784357,,79.085140625648,1.08020038400203,61121.4407415204,14557.8718633796,23777.8130384653,BRA
2005-05-01,BR,87.9555482922046,3.54429483577216,19.6051821899255,,79.4726822487796,1.08022768351877,60258.7047566236,16459.3787033797,24121.8825680224,BRA
2005-06-01,BR,89.5244320967478,3.42245864674797,19.7454544039722,,79.4566283290144,1.08023152906905,59412.5363139285,15737.7893032373,24673.682732871,BRA
2005-07-01,BR,87.5633273410688,3.46949797756594,19.7223808368526,,79.6553758557074,1.07994432455969,54224.3525185297,15172.2554024303,26292.9492684859,BRA
2005-08-01,BR,87.171106389933,3.44944876556186,19.7482603012657,,79.7908709385255,1.07996216822162,54607.9037397867,19072.4158018137,26826.9976885712,BRA
2005-09-01,BR,86.7788854387972,3.2198402690206,19.6061358828867,,80.0702091424398,1.08000066005474,56496.9270464224,15255.5125958704,24440.8881636549,BRA
2005-10-01,BR,85.6022225853898,3.25810369256571,19.2517447415841,,80.6706257416577,1.08000836080052,59736.7836423499,14765.5251336627,22386.6573487097,BRA
2005-11-01,BR,87.171106389933,3.14192941980689,18.8652989718585,,81.1143560839674,1.08003159292685,63741.6320203396,15605.703437161,23893.1523310064,BRA
2005-12-01,BR,88.6419349566923,3.34433867878684,18.2416057369542,,81.4062163452984,1.08006864697877,53245.2097607774,15773.1970203755,24944.7298311529,BRA
2006-01-01,BR,89.230266383396,3.20184548407099,17.6521581669334,,81.8865496246728,1.08007649079536,56309.3732262336,15435.8067587867,21113.3584185506,BRA
2006-02-01,BR,89.8185978100997,3.06335213697046,17.2805541592001,,82.2223976261604,1.08008568204954,56816.3268650159,13578.0122857829,18966.1918061962,BRA
2006-03-01,BR,88.6419349566923,3.12893981156624,16.7351885713033,,82.5759049393898,1.08008568204954,59195.8701539372,17418.3553087794,24520.8348550811,BRA
2006-04-01,BR,89.5244320967478,3.07216588872004,16.1944431164341,,82.7492872728538,1.08008568204954,55856.3886096575,15061.1018730482,20928.4544772978,BRA
2006-05-01,BR,89.8185978100997,3.43616784433026,15.7013563578826,,82.8321254988421,1.08008568204954,62675.5280265677,16611.6516615604,22440.9472173747,BRA
2006-06-01,BR,89.230266383396,3.20061423389411,15.1761902911214,,82.6581010085875,1.08013249385173,62007.8316478194,17344.879910261,25768.1249668841,BRA
2006-07-01,BR,89.9166530478836,3.22799874168294,14.979245942509,,82.815108343891,1.08013375801892,66136.1539691791,18358.2967780729,29880.5179600528,BRA
2006-08-01,BR,89.6224873345318,3.1824663667785,14.6582138559497,,82.8565274568852,1.08014506189838,70804.2957904633,20586.3340981602,29469.1111178756,BRA
2006-09-01,BR,88.9361006700441,3.20875194696863,14.1704999354043,,83.0305519471398,1.08016139704749,72745.6438456584,18446.2662761387,27270.9646534032,BRA
2006-10-01,BR,88.7399901944762,3.1705389412987,13.9506943560924,,83.3044318183339,1.08016267503949,77518.7088442649,19683.7344572869,27255.009434439,BRA
2006-11-01,BR,90.3088739990194,3.26573690162081,13.648948441181,,83.562578848158,1.08017403003863,82415.4220937738,19596.6462550005,25667.50735511,BRA
2006-12-01,BR,91.4855368524268,3.21520769772354,13.1859998939786,,83.9636057638923,1.08019136604035,85156.1834637376,16295.208718347,26363.5041396909,BRA
2007-01-01,BR,90.9952606635071,3.16493610223642,13.1294935610934,,84.3331669968869,1.08019262988602,90383.435932934,18968.0638455754,23484.3577014482,BRA
2007-02-01,BR,92.2699787546985,3.18608678904025,12.9322221457012,,84.704333621858,1.0802041683373,100352.253725369,15922.2943540045,21229.9234964743,BRA
2007-03-01,BR,92.7602549436182,3.09527764773397,12.7381338113143,,85.0177061356744,1.08022267932004,108816.522877248,20881.3564374327,26915.7137670383,BRA
2007-04-01,BR,93.9369177970256,3.09881738605586,12.5794337395922,,85.2302600333654,1.08022517932961,121099.021099777,17616.419956119,25286.0792891534,BRA
2007-05-01,BR,94.0349730348096,2.91693961128652,12.43,,85.468821281076,1.08023628934009,135701.448692069,20379.3598710123,27038.1797276395,BRA
2007-06-01,BR,95.6038568393528,2.91807740922497,12.0298217943168,,85.7080246855773,1.08025476534282,146398.32554986,18873.6658603121,25337.1843437251,BRA
2007-07-01,BR,95.0155254126491,2.87380258225739,11.7251839412288,,85.913835936967,1.08025726532024,155190.618218185,21260.9289357802,26578.3156333149,BRA
2007-08-01,BR,95.5058016015689,3.00579026903754,11.4295651987292,,86.317752558259,1.0802724893397,160370.567788678,23857.4629617941,29680.8135268651,BRA
2007-09-01,BR,95.7019120771368,2.86127909963341,11.2194363627792,,86.473154501586,1.0802882893397,162159.54952645,21295.8339886171,26903.1519593663,BRA
2007-10-01,BR,96.3882987416244,2.74010930885804,11.1795454350316,,86.7325858449914,1.08029081732042,167013.77557568,23391.4650204072,28392.1850739688,BRA
2007-11-01,BR,96.5844092171923,2.83513023566454,11.18,,87.062012278573,1.080317926344,176213.158088863,22407.4215185708,24864.1803251971,BRA
2007-12-01,BR,97.172740643896,2.79782937112444,11.18,,87.7064166179475,1.08036783233362,179432.865855624,19909.4993177917,25410.3091532701,BRA
2008-01-01,BR,99.329955875143,2.80686921217825,11.17818,,88.1800072510204,1.08036783233362,186506.509651435,23162.4562161377,23551.32200497,BRA
2008-02-01,BR,98.1532930217356,2.70975867444887,11.17947,,88.6121787710992,1.08045878334325,191852.156641622,21862.9615684299,22109.8404836253,BRA
2008-03-01,BR,98.6435692106553,2.87507729144466,11.17899,,89.0376076448766,1.0806372713395,194222.833673217,20856.7540598827,21532.2764426116,BRA
2008-04-01,BR,98.1532930217356,2.73834247792065,11.3697727917373,,89.5272521977147,1.08064840433777,194825.570319574,21903.7528867844,23738.0609861505,BRA
2008-05-01,BR,97.0746854061121,2.63945207788377,11.6269990548514,,90.2345879025688,1.08073499933978,196949.001649711,26533.628432325,32046.1893059678,BRA
2008-06-01,BR,103.056054910933,2.59924624962631,12.0893727668462,,90.9024309648004,1.08085422734516,199821.610071864,26992.5083609905,30092.4712971082,BRA
2008-07-01,BR,100.898839679686,2.53797726874874,12.3643023589339,,91.384048557756,1.08088245534318,202569.29818945,28731.3359917173,32538.4606211943,BRA
2008-08-01,BR,100.016342539631,2.56454937495388,12.9190475808911,,91.639948038813,1.08001014732081,204216.472870895,29680.5061479228,31830.2564302751,BRA
2008-09-01,BR,101.094950155254,2.97974520725853,13.3898901924011,,91.8781882081284,1.08014679131895,205538.620094801,32799.1498588186,36014.3228444423,BRA
2008-10-01,BR,97.4669063572479,3.14700353768144,13.6647824606768,,92.2917371812795,1.08019842132783,196439.634748587,39380.6120563243,40217.1028680424,BRA
2008-11-01,BR,93.0544206569701,3.47039016035842,13.6399997800071,,92.6240533204189,1.08029162832289,193788.385106174,31799.2876310577,33427.7066968915,BRA
2008-12-01,BR,81.1897368851119,3.59837778808047,13.6599999600083,,92.8834846638242,1.08045982431999,192843.633608446,28978.3963687628,33079.0402006392,BRA
2009-01-01,BR,83.2488968785749,3.45439788982449,13.324251391438,,93.3291414765058,1.08045982431999,187108.181603769,25051.9299343399,22567.3086835992,BRA
2009-02-01,BR,84.7197254453342,3.48880547737764,12.66,,93.8425458305964,1.08045982431999,185851.842309785,18982.6867441847,22166.3793636496,BRA
2009-03-01,BR,86.1905540120935,3.34403308300803,11.7031296865292,,94.0300556134537,1.08045982431999,189397.593314971,24423.7578249766,27319.891529201,BRA
2009-04-01,BR,86.6808302010132,3.26152730845735,11.1092852908331,,94.4814918372507,1.08045982431999,189591.604697846,19933.1273179534,27174.7107441635,BRA
2009-05-01,BR,88.8380454322602,3.11715332196033,10.1594999784392,,94.9255432579557,1.08045982431999,194210.014113458,20181.7497240613,24694.297935637,BRA
2009-06-01,BR,89.9166530478836,3.02358142047324,9.539403967,,95.2671706705589,1.08045982431999,200457.737375584,20160.7047238741,28315.7280964666,BRA
2009-07-01,BR,91.093315901291,2.92072733147141,9.00584025289959,,95.4957784880151,1.08045982431999,206348.568886592,22659.610251046,27327.1893450084,BRA
2009-08-01,BR,92.2699787546985,2.93354882357363,8.65,,95.6389794523205,1.08045982431999,214711.668912001,20794.7973043273,25533.3370775218,BRA
2009-09-01,BR,94.0349730348096,2.83919868687061,8.65,,95.8685505049627,1.08045982431999,220552.837057225,23841.6564385613,25222.6799586413,BRA
2009-10-01,BR,95.1135806504331,2.71950827856159,8.65,,96.1369720434366,1.08045982431999,229998.940097024,23226.415872647,24474.2385670633,BRA
2009-11-01,BR,97.172740643896,2.80735144465484,8.65,,96.5312563128695,1.08045982431999,235389.87882162,21843.6257244973,21835.8554346314,BRA
2009-12-01,BR,97.172740643896,2.728408590317,8.64954543457719,,96.8882954884472,1.08045982431999,237364.464789493,22586.372948872,25308.3427102121,BRA
2010-01-01,BR,99.329955875143,2.88333765916872,8.64949997813951,,97.6148958970195,1.08045982431999,239318.276698247,21538.5066281759,20116.4622214925,BRA
2010-02-01,BR,99.0357901617911,2.81321025666176,8.65,,98.3761727722845,1.08045982431999,239884.968893503,22899.8299991402,22457.9600717775,BRA
2010-03-01,BR,100.114397777415,2.72433148057335,8.65,,98.8876506560033,1.08045982431999,242560.993957328,28265.8919940774,28080.5607938626,BRA
2010-04-01,BR,101.291060630822,2.61393068807215,8.72226966424534,,99.4514643181566,1.08045982431999,246017.655257672,25680.4291565891,26625.6645769214,BRA
2010-05-01,BR,100.800784441902,2.70096937083042,9.39000000000001,,99.8791407407011,1.08045982431999,248541.294051816,27257.1414387205,32090.9236023561,BRA
2010-06-01,BR,100.702729204118,2.67206956727499,9.93661688982486,,99.8791407407011,1.08045982431999,251769.451039256,28242.4560491186,30873.8020479279,BRA
2010-07-01,BR,99.7221768262788,2.67790165487793,10.3188453664576,,99.8890941709555,1.08045982431999,256035.871368226,30485.1477667632,31267.5810080472,BRA
2010-08-01,BR,99.329955875143,2.65312065716152,10.66,,99.9289078919732,1.08045982431999,259973.454492474,31242.5039185628,33839.7162286318,BRA
2010-09-01,BR,99.5260663507109,2.65252195780864,10.66,,100.378417645398,1.08045982431999,273793.362075945,32161.1179049596,32360.5631385948,BRA
2010-10-01,BR,99.6241215884948,2.67486510148235,10.66,,101.131346482386,1.08045982431999,283475.095655055,29390.3883215549,30936.0818690538,BRA
2010-11-01,BR,99.8202320640627,2.6339479160945,10.66,,101.970645407709,1.08045982431999,283966.234457841,31416.1894428869,30297.1622502475,BRA
2010-12-01,BR,100.702729204118,2.59619057005926,10.66,,102.613123276712,1.08045982431999,287056.03725354,27835.5652269509,35414.684603458,BRA
2011-01-01,BR,100.898839679686,2.61999184669283,10.8530659756654,,103.464944259453,1.08045982431999,296262.662917534,26145.8266745763,25476.6513660233,BRA
2011-02-01,BR,102.663833959797,2.61393595801846,11.1694999786351,,104.292684362546,1.08045982431999,305991.77923118,27235.5941432941,27902.9001125576,BRA
2011-03-01,BR,103.056054910933,2.59261725599876,11.6222842236699,,105.116571524895,1.08045982431999,315590.8098661,30843.9058208213,31989.6499719411,BRA
2011-04-01,BR,100.310508252982,2.5684084944701,11.7357352808398,,105.926010159456,1.08045982431999,326402.627916279,30396.9559037784,31995.2970444172,BRA
2011-05-01,BR,103.056054910933,2.55322554826317,11.92,,106.424002750572,1.08045982431999,331356.730778367,33253.5517197733,37437.6735414807,BRA
2011-06-01,BR,100.898839679686,2.516224542872,12.0985144999307,,106.583578713038,1.08045982431999,334143.725747639,31954.3056789567,37586.1076607944,BRA
2011-07-01,BR,101.48717110639,2.50259437695778,12.2532714998788,,106.754071340944,1.08045982431999,344376.972752799,31269.3903858146,34791.49819729,BRA
2011-08-01,BR,99.329955875143,2.55952620440482,12.4178260112844,,107.148997767167,1.08045982431999,351435.589105773,37165.7081886743,41764.9002667625,BRA
2011-09-01,BR,98.3494034973035,2.85636650691253,11.9,,107.71698544846,1.08045982431999,347954.502781096,37001.7095328067,40734.3261115384,BRA
2011-10-01,BR,97.4669063572479,2.68921396354963,11.6992321363965,,108.180301572883,1.08045982431999,351062.706789949,36606.5290395668,39236.8673621102,BRA
2011-11-01,BR,97.9571825461677,2.86944891809953,11.4,,108.742830921455,1.08045982431999,350184.948630146,39720.1791739249,38977.3833814999,BRA
2011-12-01,BR,100.604673966334,2.85375211290959,10.9004545258937,,109.285453409518,1.08045982431999,350356.038764795,35283.8654257637,40637.4649633635,BRA
2012-01-01,BR,95.7019120771368,2.71579469839152,10.6233345401663,,109.898713144548,1.08045982431999,353188.598049561,32646.414398902,28880.6884246019,BRA
2012-02-01,BR,96.2902435038405,2.64897364719356,10.2957886951247,,110.393173873316,1.08045982431999,354416.941089826,29330.374448852,30973.1224869501,BRA
2012-03-01,BR,95.9960777904886,2.8400940604949,9.65998442083633,7.9482246664715,110.624350317935,1.08045982431999,363417.843812443,35433.437195432,37534.8593854778,BRA
2012-04-01,BR,96.6824644549763,2.92308980453814,9.18585081160583,7.75653474292005,111.333933571556,1.08045982431999,372485.836935616,36150.6923292587,36286.2875516414,BRA
2012-05-01,BR,96.7805196927603,3.03229382350232,8.71904861199679,7.61446531119044,111.732070781732,1.08045982431999,370725.240213854,42063.7815120367,46095.6285512787,BRA
2012-06-01,BR,97.368851119464,3.17228108619973,8.39049997808972,7.52447234728016,111.821972732417,1.08045982431999,372182.335658073,39704.22678023,39651.683920153,BRA
2012-07-01,BR,98.4474587350874,3.0638748446418,8.07155075459178,7.44099571347415,112.303590325373,1.08045982431999,374399.471074009,38504.4316742109,42603.8735703183,BRA
2012-08-01,BR,100.114397777415,3.12210817260861,7.84642948021954,7.29450358999752,112.764016744238,1.08045982431999,375439.763392691,40732.5613313249,45414.3232860228,BRA
2012-09-01,BR,99.4280111129269,3.13233985525015,7.39000000000001,7.07256184365264,113.406815691636,1.13645982431999,376706.499035785,37104.5090031352,40552.5103434375,BRA
2012-10-01,BR,99.7221768262788,3.13090231239698,7.23084168176928,6.89644490794759,114.075943067449,1.68845982397906,374848.897345296,43037.5676725054,44170.1401697375,BRA
2012-11-01,BR,98.2513482595195,3.22172187382011,7.13999999999999,6.77065053574747,114.760482206237,2.16045982397451,374830.47888391,44661.1416616858,42325.0815542185,BRA
2012-12-01,BR,99.231900637359,3.14807300984243,7.15748540770065,6.86166317721924,115.667207594574,2.16045982397587,369565.972392636,38092.4257821774,41027.8153003909,BRA
2013-01-01,BR,100.310508252982,3.06725771746703,7.11000000000146,7.21703707523333,116.661908463225,2.16045982397357,369819.082136432,42477.3964304884,32424.8683706491,BRA
2013-02-01,BR,98.0552377839516,3.00042415245251,7.13165830833651,7.71901269161035,117.361859364987,2.16045982396601,370309.666252041,34805.2177183336,30667.3910782545,BRA
2013-03-01,BR,99.5260663507109,3.02612799539447,7.14749888580484,7.97864131609,117.912829891328,2.16045982396997,373486.444672895,39780.0908861696,38321.3879845221,BRA
2013-04-01,BR,100.408563490766,3.01814872995106,7.25902477862748,7.83853338938389,118.562050406632,2.16045982397549,375490.104065328,45279.6435027299,41301.7488502206,BRA
2013-05-01,BR,100.114397777415,3.13152432124578,7.42375689981045,7.5786112020963,119.001285651408,2.16045982396558,371403.473227219,44829.6222485544,44398.9076992219,BRA
2013-06-01,BR,103.644386337637,3.33653175157013,7.90000000000197,7.43235645871879,119.31016306769,2.16045982,366764.439811807,42768.5209206264,45917.1921539283,BRA
2013-07-01,BR,99.9182873018467,3.4213242215046,8.22582470893867,7.28449111634979,119.345802769569,2.16045982,369136.369490089,53308.5052364913,46854.0305002762,BRA
2013-08-01,BR,100.016342539631,3.57271655559697,8.44535952371228,7.10806588312179,119.63220469818,2.16045982,363979.341077622,49461.4047502863,50172.7695828976,BRA
2013-09-01,BR,101.291060630822,3.46257986822223,8.9000000000006,6.93674658827612,120.050890925656,2.16045982,365777.670618822,44751.3595740989,47334.8162950697,BRA
2013-10-01,BR,99.7221768262788,3.35354318355896,9.24758354942736,6.71291802474686,120.735108986048,2.16045982,361643.251051045,52588.1001412521,49940.3905192841,BRA
2013-11-01,BR,100.114397777415,3.53711669721728,9.44989746303861,6.47639060316424,121.38721920691,2.16045982,359703.917129304,45919.2031666993,47877.464026317,BRA
2013-12-01,BR,97.27079588168,3.62485004258098,9.89952378889196,6.17967202401617,122.503929865776,2.16045982,356214.148612928,44687.3338981025,48887.1121167924,BRA
2014-01-01,BR,99.0357901617911,3.71644893794923,10.1724458936362,6.39576477321505,123.177873417518,2.16045982,358231.212476702,50090.458490206,38172.8931312389,BRA
2014-02-01,BR,99.329955875143,3.62649401773943,10.4249745609337,6.75058607685251,124.027446851492,2.16045982,359825.685104708,45023.6688415439,37974.3059576705,BRA
2014-03-01,BR,98.8396796862232,3.493584096101,10.6500000000016,7.17090539165819,125.168559468401,2.16045982,361129.69470282,42670.4553695046,40998.9105247209,BRA
2014-04-01,BR,98.2513482595195,3.44015868834168,10.87497460305,7.14452344486931,126.007216236934,2.16045982,363922.794877862,44889.0345124646,44033.1218914261,BRA
2014-05-01,BR,97.0746854061121,3.44819087055112,10.9000000000018,6.979076954253,126.586762740458,2.16045982,366067.198464963,46509.3539631445,46081.6817331413,BRA
2014-06-01,BR,95.4077463637849,3.40389811957779,10.9000000000018,6.84787338467299,127.093103369852,2.16045982,370666.007758523,42145.0366119448,45746.9348509906,BRA
2014-07-01,BR,96.6824644549763,3.43732437825116,10.900000000002,6.89878673715339,127.105946505664,2.16045982,374011.268571201,49714.4754183758,51213.2445450049,BRA
2014-08-01,BR,96.9766301683281,3.41621178417692,10.9014285162264,6.88212773715235,127.423814117014,2.16045982,376374.996336082,45592.4136687179,46405.1783728565,BRA
2014-09-01,BR,96.7805196927603,3.63559269263956,10.9000000000018,6.77450643603371,128.150093447191,2.16045982,372904.88910919,49874.9322498755,45756.934568162,BRA
2014-10-01,BR,96.9766301683281,3.56557861746792,10.921716790169,6.62088022913389,128.68822083772,2.16045982,373318.156317916,49825.4515370234,44870.1062830507,BRA
2014-11-01,BR,96.3882987416244,3.69530330274047,11.1500000000025,6.50490136754205,129.344505077721,2.16045982,372869.935724278,48078.3124138464,39865.8092406365,BRA
2014-12-01,BR,94.2310835103775,3.84831590903823,11.58,6.49578156776675,130.354617709346,2.16045982,360964.711541741,47294.2077214289,46158.9292291403,BRA
2015-01-01,BR,94.1330282725935,3.65984838979359,11.82,6.80019707801675,131.969642037724,2.16045982,359044.942772198,46549.2119127292,36095.4092507253,BRA
2015-02-01,BR,93.8388625592417,4.04316196432819,12.1500000000025,7.42282309991375,133.579529111777,2.16045982,359916.501245229,43812.2139747434,34053.4682222612,BRA
2015-03-01,BR,92.5641444680503,4.40264586394079,12.5816871405983,7.93741308762768,135.342891658785,2.16045982,360179.506481951,54180.2988196813,53299.8766845068,BRA
2015-04-01,BR,90.9952606635071,4.13134803600988,12.6774478257054,8.01241430239404,136.303879295929,2.16045982,361922.900372545,46614.7148044499,46119.1421605651,BRA
2015-05-01,BR,90.9952606635071,4.41456411254719,13.1499999999987,8.1357656516492,137.312386535578,2.16045982,364075.755513349,44796.3999516475,51337.093617871,BRA
2015-06-01,BR,89.7205425723157,4.41466642476714,13.5784363829071,8.30698247916791,138.397631511704,2.16045982,366124.822549648,49160.8968738374,61072.530822,BRA
2015-07-01,BR,88.5438797189083,4.69344490934449,13.6933911809573,8.55297747180255,139.25523190556,2.16045982,365885.965312765,53839.1481739758,59728.8471193696,BRA
2015-08-01,BR,88.4458244811244,5.02420151835048,14.1499999999988,8.72279081748918,139.56154069468,2.16045982,365707.841833098,46759.6857550803,54415.53067041,BRA
2015-09-01,BR,86.7788854387972,5.7794591407736,14.1499999999988,8.88402972226895,140.315111688458,2.16045982,358962.34943735,53747.9195794501,63076.9560257813,BRA
2015-10-01,BR,86.3866644876614,5.4936274591973,14.1499999999988,8.94964284304826,141.465535578831,2.16045982,358765.001784194,56749.6200355882,62267.2024744793,BRA
2015-11-01,BR,84.5236149697663,5.08812733696957,14.1499999999988,9.00014812620353,142.894334437932,2.16045982,354723.560484104,49722.909100172,52134.6278515361,BRA
2015-12-01,BR,83.2488968785749,5.41100076076609,14.1499999999988,8.95497344992992,144.26598134267,2.16045982,354174.892918288,42670.0865119037,64964.798795538,BRA
2016-01-01,BR,83.6411178297107,5.63767209615987,14.1499999999988,9.50306263584272,146.098054666272,2.16045982,355104.658124707,43446.5787780047,45567.3409526221,BRA
2016-02-01,BR,81.3858473606798,5.46696724074105,14.1499999999988,10.2172306782917,147.412870695041,2.16045982,356707.333247599,42745.4590970883,53035.0903993513,BRA
2016-03-01,BR,83.2488968785749,5.08724820868566,14.1499999999987,10.900636992765,148.046679447371,2.16045982,355029.823791558,44662.9883302864,59236.4082617404,BRA
2016-04-01,BR,83.6411178297107,4.95867065786788,14.1499999999987,11.1824311081494,148.94987297336,2.16045982,359411.289805351,39132.787105736,54817.9845033406,BRA
2016-05-01,BR,83.3469521163589,5.04910075474874,14.1499999999988,11.1839982793849,150.111534607569,2.16045982,360823.062864525,41029.115138969,62184.0798403393,BRA
2016-06-01,BR,84.8177806831181,4.53631119243058,14.1499999999988,11.3162212845757,150.636915185804,2.16045982,361299.950533714,45627.77905202,57331.8862920168,BRA
2016-07-01,BR,84.5236149697663,4.56109207598383,14.1499999999988,11.5767975452929,151.420250146827,2.16045982,366423.968790466,40110.4675204203,53488.6870092037,BRA
2016-08-01,BR,82.3663997385194,4.51725080314117,14.1499999999988,11.7696576971643,152.086487817082,2.16045982,366715.236386977,43037.6448218886,54524.0727531294,BRA
2016-09-01,BR,83.150841640791,4.53025286560548,14.1499999999988,11.8028216028353,152.208176528902,2.16045982,367565.465057231,40776.1410976586,51452.2409054625,BRA
2016-10-01,BR,81.8761235495996,4.36952692881538,14.0499342201232,11.8145695364238,152.604066190311,2.16045982,364775.491017272,37817.7854776949,43709.4859930044,BRA
2016-11-01,BR,82.2683445007354,4.59751286751268,13.9000000000014,11.8543706396201,152.878909296691,2.16045982,363012.383292164,39969.9096127479,54204.5126777939,BRA
2016-12-01,BR,84.2294492564144,4.38050503855543,13.6500000000005,12.0287708081556,153.337409245185,2.16343963,362504.953620439,40356.6694235802,53432.5213325793,BRA
2017-01-01,BR,84.5236149697663,4.24824167581611,13.1721528896759,12.5722458987682,153.920166532661,2.16343963,365080.067014173,40690.1022249742,47661.5209882874,BRA
2017-02-01,BR,85.7983330609577,4.19530713731585,12.816419593831,13.1662325545232,154.428112554032,2.16343963,366258.622182538,35377.9584434443,48023.2575287574,BRA
2017-03-01,BR,83.6411178297107,4.29822442815623,12.1500000000023,13.7466908449134,154.814048785187,2.16343963,367412.23509243,42325.6226755457,62818.4440558596,BRA
2017-04-01,BR,84.1313940186305,4.38425955123653,11.5933388740512,13.6010688767113,155.030776702017,2.16343963,372199.611233574,35070.4253784293,55460.8823578637,BRA
2017-05-01,BR,84.6216702075502,4.48949023777091,11.1500000000024,13.3105868025015,155.511431059786,2.16343963,373748.018339297,40622.4188241579,63515.1066315754,BRA
2017-06-01,BR,85.5041673476058,4.60215358971041,10.1499999999976,13.0020632074198,155.153749727418,2.16343963,374481.685565862,43367.9054165864,65202.4742844159,BRA
2017-07-01,BR,85.8963882987416,4.40639455820619,10.0065838846394,12.8129687319718,155.52620066597,2.16343963,378277.476792749,41831.9591008444,60171.0077245858,BRA
2017-08-01,BR,85.5041673476058,4.44723039239936,9.14999999999782,12.5874730021598,155.82159278965,2.16343963,378989.982426156,45742.6669983125,61357.5329429167,BRA
2017-09-01,BR,85.8963882987416,4.47647286613546,8.34926436408088,12.4316599205816,156.070749624405,2.16343963,378461.933385811,44217.6770408788,58507.8020463788,BRA
2017-10-01,BR,85.8963882987416,4.60217192510777,8.00674017904217,12.2165220309728,156.726391707615,2.16343963,377596.903826252,45569.8683966507,60236.2278658736,BRA
2017-11-01,BR,86.5827749632293,4.61567858684652,6.63600177831487,12.0274782575417,157.165305873995,2.16343963,378283.255696628,44724.5487756013,54386.3368054022,BRA
2017-12-01,BR,89.230266383396,4.71018156287339,6.99981343259426,11.789999904232,157.85690873748,2.16343963,371150.619206193,43398.0999737195,57916.8568541984,BRA
2018-01-01,BR,87.4652721032848,4.60713057568004,6.90000000000286,12.1540162476566,158.314766529183,2.16343963,372782.427634718,47664.5111142628,54471.6698440796,BRA
2018-02-01,BR,87.171106389933,4.6908910567554,6.7193857396433,12.5864293831012,158.821428236972,2.16343963,374178.508443173,48496.6898054928,56121.69109992,BRA
2018-03-01,BR,87.5633273410688,4.83148256380284,6.57851154945817,13.1213488985343,158.964308122882,2.16343963,376708.757128337,47296.8738319359,65870.6746533468,BRA
2018-04-01,BR,88.2497140055564,5.00517702551123,6.40000000000081,12.8731091627324,159.313962495368,2.16343963,377122.82878671,49106.1007098608,67582.566473332,BRA
2018-05-01,BR,78.6403007027292,5.29317599059344,6.40000000000081,12.7100678384212,159.951303110046,2.16343963,379737.501819743,50293.573942094,69957.1695359222,BRA
2018-06-01,BR,88.3477692433404,5.42261881319028,6.40000000000081,12.4422321497343,161.966712197367,2.16343963,376783.113637771,56204.431308032,76231.7487126999,BRA
2018-07-01,BR,88.1516587677725,5.27429331662478,6.40000000000087,12.3108078277811,162.501307725548,2.16343881,376784.274288715,73948.6335956719,87557.8748965113,BRA
2018-08-01,BR,87.5633273410688,5.79432101325993,6.400000000001,12.124954525437,162.355217055684,2.16343898,378792.107744547,76428.5669761995,84898.736701433,BRA
2018-09-01,BR,85.7002778231737,5.58560770848187,6.400000000001,11.8816983671015,163.134474321086,2.16343898,378148.616891976,60527.0825383576,78456.1898621358,BRA
2018-10-01,BR,85.9944435365256,5.13750081199906,6.4,11.730901189387,163.868459532751,2.16344383,377644.404223987,62944.0140767772,82718.0660187525,BRA
2018-11-01,BR,85.8963882987416,5.3429845576722,6.4,11.5761624697844,163.524263492985,2.16344666,377089.745362644,66165.0756296628,79219.6992698331,BRA
2018-12-01,BR,85.9944435365256,5.38820469670313,6.4,11.5856914041644,163.769567386997,2.16577976,371933.901818424,52356.232771988,75970.1318650285,BRA
2019-01-01,BR,85.5041673476058,5.11436695474346,6.4,12.0334362728278,164.293567328133,2.16577976,374117.101825687,63539.7014016827,69510.5772896229,BRA
2019-02-01,BR,85.9944435365256,5.22549348543309,6.4,12.4393660716838,164.999939797801,2.16577976,375599.548340026,48989.1689370738,60664.7149594469,BRA
2019-03-01,BR,84.8177806831181,5.40876347123753,6.4,12.7192399049881,166.237375933301,2.16577976,381359.235678625,52559.1109986126,69882.6054542705,BRA
2019-04-01,BR,85.11194639647,5.46640503529529,6.40000000000081,12.4849587371972,167.184878277843,2.16577976,381019.721508944,55251.0316476623,76742.8441808561,BRA
2019-05-01,BR,84.9158359209021,5.42795740401438,6.40000000000081,12.2570352399203,167.402248351463,2.16577976,383343.2605526,62301.170729813,85053.7977493341,BRA
2019-06-01,BR,,5.32673446264849,6.40000000000081,,167.418944428019,2.16577976,385035.630518543,52216.0687376205,69549.5088620834,BRA
2019-07-01,BR,,5.17748386635344,6.40000000000081,,167.737133117765,2.16577976,382636.988265368,,,BRA
2019-08-01,BR,,5.66205034666871,5.9,,167.921753195065,2.16577976,383171.29814158,,,BRA
2019-09-01,BR,,5.67653382157868,5.71,,,2.16577976,373250.63982625,,,BRA
