,,BCAXF_BP6_USD,debt_service,couprisk,gdp_growth,credit_growth,inflation,stock_growth,exchange_12a,industrial_growth,commodities_growth,reserves_gdp,imports_gdp,exports_gdp,credit_gap,Country_AF,Country_AO,Country_BD,Country_BG,Country_BO,Country_BR,Country_CH,Country_CL,Country_CO,Country_CR,Country_CZ,Country_DO,Country_DZ,Country_EC,Country_EG,Country_ET,Country_GH,Country_GT,Country_HU,Country_ID,Country_IL,Country_IN,Country_KE,Country_KR,Country_KZ,Country_LK,Country_LV,Country_MA,Country_MM,Country_MX,Country_MY,Country_NG,Country_NZ,Country_PA,Country_PH,Country_PK,Country_PL,Country_PY,Country_RU,Country_SD,Country_SG,Country_TH,Country_TR,Country_TZ,Country_UA,Country_UG,Country_UY,Country_UZ,Country_VN,Country_ZA,BCAXF_BP6_USD_lag,debt_service_lag,couprisk_lag,gdp_growth_lag,credit_growth_lag,inflation_lag,stock_growth_lag,exchange_12a_lag,industrial_growth_lag,commodities_growth_lag,reserves_gdp_lag,imports_gdp_lag,exports_gdp_lag,credit_gap_lag,BCAXF_BP6_USD_level,debt_service_level,couprisk_level,gdp_growth_level,credit_growth_level,inflation_level,stock_growth_level,exchange_12a_level,industrial_growth_level,commodities_growth_level,reserves_gdp_level,imports_gdp_level,exports_gdp_level,credit_gap_level,pred,precrisis,ENDE_XDC_USD_RATE,dummy
2019-09-01,AO,0.5606479269880652,0.2445866173530297,0.3367818304651479,0.4716214189543623,0.5977325252699496,0.639035792964982,0.5008749011111249,0.5045832572536357,0.4676313293860976,0.4648920934376634,0.46394681422848416,0.4615904232161675,0.46158283944208706,0.4700380668648433,0.0,1.0,0.0,0.0,0.0,0.0,0.0,0.0,0.0,0.0,0.0,0.0,0.0,0.0,0.0,0.0,0.0,0.0,0.0,0.0,0.0,0.0,0.0,0.0,0.0,0.0,0.0,0.0,0.0,0.0,0.0,0.0,0.0,0.0,0.0,0.0,0.0,0.0,0.0,0.0,0.0,0.0,0.0,0.0,0.0,0.0,0.0,0.0,0.0,0.0,0.5606479269880652,0.5105414770986688,0.4237999360429066,0.5120225544127986,0.604561047715498,0.6392246039095721,0.5005088010941844,0.5045073146191736,0.47737513916195917,0.5505210505326996,0.6354425045026513,0.47008233422231827,0.46545135619231176,0.4700575868685766,0.4737539611867711,0.16873938090297314,0.022533323267212236,0.3069117038509136,0.4212038188842995,0.0014926393306477523,0.008980560593263581,0.007861600200054279,0.4525627877339846,0.2647861144492903,0.027418870010274845,0.0005671595525124388,0.00036339995130146597,0.40035313232010067,0.033148106,0,378.0295,0
2019-09-01,BD,0.5606479269880652,0.5063480683797235,0.4129697333516379,0.4453934901657553,0.580344765313165,0.6391615163121227,0.5010361395854069,0.5046683066890635,0.46838395519143083,0.5236587352674849,0.580544900938797,0.4658416839791956,0.46259688060303583,0.27859046358816086,0.0,0.0,1.0,0.0,0.0,0.0,0.0,0.0,0.0,0.0,0.0,0.0,0.0,0.0,0.0,0.0,0.0,0.0,0.0,0.0,0.0,0.0,0.0,0.0,0.0,0.0,0.0,0.0,0.0,0.0,0.0,0.0,0.0,0.0,0.0,0.0,0.0,0.0,0.0,0.0,0.0,0.0,0.0,0.0,0.0,0.0,0.0,0.0,0.0,0.0,0.5606479269880652,0.3775492944251545,0.3781081650926297,0.513235540057837,0.6011584547871061,0.6392096440257113,0.5003726391031484,0.5046683066890635,0.468179560841183,0.5242744027153566,0.5581291616167214,0.46566174612407596,0.46439976066633076,0.278542457499231,0.44407850457655856,0.235163634117865,0.0450538101856584,0.31435139440402265,0.4095534828715684,0.0012620729982579955,0.008965875748564726,0.006178616933056724,0.4397233971717916,0.3762066730312395,0.03916786067057642,0.00388712348893759,0.001983240883877971,0.2723196304348477,0.012454039,0,84.5,0
2019-09-01,BG,0.5606479269880652,0.3819139746795213,0.3804294481342944,0.4918156143191525,0.5999981770669839,0.6393063123881471,0.5008282505354429,0.5046920648679312,0.4743946950349179,0.5233505570394927,0.5510338066683419,0.4699894680998556,0.4664241955556793,0.21193487884142334,0.0,0.0,0.0,1.0,0.0,0.0,0.0,0.0,0.0,0.0,0.0,0.0,0.0,0.0,0.0,0.0,0.0,0.0,0.0,0.0,0.0,0.0,0.0,0.0,0.0,0.0,0.0,0.0,0.0,0.0,0.0,0.0,0.0,0.0,0.0,0.0,0.0,0.0,0.0,0.0,0.0,0.0,0.0,0.0,0.0,0.0,0.0,0.0,0.0,0.0,0.5606479269880652,0.37256819922887147,0.3802963492313531,0.4918156143191525,0.5950475694014141,0.6393774709678626,0.5005267265569697,0.5046785650980937,0.4743946950349179,0.530534924154632,0.5470948660935591,0.4699894680998556,0.4664241955556793,0.21194063803242705,0.4706301389963285,0.12159306969885507,0.008164998751979681,0.23627208383382758,0.4127259679330841,0.0013254415817670684,0.008919767298741057,0.006510153836006417,0.4564058041061897,0.37265286708822004,0.02987848390822061,5.300525227725956e-05,3.239602967028138e-05,0.2885935303528259,0.008934276,0,1.7962,0
2019-09-01,BO,0.5606479269880652,0.4125629317159101,0.38300311039903334,0.4918156143191525,0.5954409693068251,0.6393901519625693,0.5005745773738833,0.5046683066890635,0.4506394581569903,0.5112232968516986,0.5496728599808204,0.4697521189484011,0.4667434413908953,0.5551489002686217,0.0,0.0,0.0,0.0,1.0,0.0,0.0,0.0,0.0,0.0,0.0,0.0,0.0,0.0,0.0,0.0,0.0,0.0,0.0,0.0,0.0,0.0,0.0,0.0,0.0,0.0,0.0,0.0,0.0,0.0,0.0,0.0,0.0,0.0,0.0,0.0,0.0,0.0,0.0,0.0,0.0,0.0,0.0,0.0,0.0,0.0,0.0,0.0,0.0,0.0,0.5606479269880652,0.4350068423540116,0.38134372984799353,0.4918156143191525,0.6063115097762298,0.6394200226833296,0.5005224105971798,0.5046683066890635,0.48715541120651384,0.5216752508426238,0.5500729158168268,0.47056163993176414,0.4664649757811767,0.555167325581349,0.4329953432209104,0.2768116795455681,0.023608389508776084,0.3134850856694637,0.42295228124747375,0.0013285256774408748,0.008376018200077145,0.00612377445263197,0.43426926030581425,0.3029510936695925,0.005229025715904829,0.008166893424072818,0.0036876949396596856,0.380141005019753,0.017681396,0,6.91,0
2019-09-01,BR,0.5606479269880652,0.3775495802948504,0.3807958413193722,0.4918156143191525,0.6011585045762873,0.6393201029271074,0.5010457368736986,0.5047946421551104,0.4743946950349179,0.5248044360296691,0.5197640458379561,0.4699894680998556,0.4664241955556793,0.4526814374176122,0.0,0.0,0.0,0.0,0.0,1.0,0.0,0.0,0.0,0.0,0.0,0.0,0.0,0.0,0.0,0.0,0.0,0.0,0.0,0.0,0.0,0.0,0.0,0.0,0.0,0.0,0.0,0.0,0.0,0.0,0.0,0.0,0.0,0.0,0.0,0.0,0.0,0.0,0.0,0.0,0.0,0.0,0.0,0.0,0.0,0.0,0.0,0.0,0.0,0.0,0.5606479269880652,0.3775495802948504,0.3799764179750008,0.4918156143191525,0.6011585045762873,0.6394040498826882,0.5000288906564575,0.5046622348384853,0.4743946950349179,0.5276828452356571,0.5520560585007452,0.4699894680998556,0.4664241955556793,0.4526863529342253,0.19975259689629735,0.39189189189189194,0.007650451874158868,0.29668079451878543,0.44305745864013235,0.0013773996712376155,0.009063070297796976,0.006369300482510484,0.4564058041061897,0.38333922793706415,0.5106353471773091,0.0006281966668424626,0.0005661981359691669,0.23726760492073215,0.28075722,0,4.1638,0
2019-09-01,CH,0.5606479269880652,0.3775495802948504,0.3809410771816095,0.4918156143191525,0.6011585045762873,0.639358962745722,0.5009061388836424,0.504649183512133,0.4743946898043382,0.5242147931354435,0.5593688535755357,0.4699894680998556,0.4664241955556793,0.6846332479775358,0.0,0.0,0.0,0.0,0.0,0.0,1.0,0.0,0.0,0.0,0.0,0.0,0.0,0.0,0.0,0.0,0.0,0.0,0.0,0.0,0.0,0.0,0.0,0.0,0.0,0.0,0.0,0.0,0.0,0.0,0.0,0.0,0.0,0.0,0.0,0.0,0.0,0.0,0.0,0.0,0.0,0.0,0.0,0.0,0.0,0.0,0.0,0.0,0.0,0.0,0.5606479269880652,0.3775495802948504,0.3805437116202937,0.4918156143191525,0.6011585045762873,0.6393800564359159,0.5003742391456152,0.5047282845676273,0.47439466069990066,0.5257962878283963,0.5539155856277292,0.46993626888158885,0.46636547170245046,0.6846434281907673,0.7460879095554438,0.4,0.003882452635277432,0.3248154124681694,0.4296820458405352,0.0011461506499560866,0.008995106822511336,0.006219619765444666,0.4541965569454609,0.3808855622561426,0.9644169473826747,0.00016494144756684935,0.00012323425378862012,0.9983042515822478,0.07620544,0,0.9929,0
2019-09-01,CL,0.5606479269880652,0.38565363718005097,0.3804866508093962,0.4918156143191525,0.6011585045762873,0.6393388619727062,0.5012301325202002,0.504764679328039,0.4743946950349179,0.5216076920770144,0.5504057482394047,0.46998290157531164,0.4664347419198739,0.6110980889171778,0.0,0.0,0.0,0.0,0.0,0.0,0.0,1.0,0.0,0.0,0.0,0.0,0.0,0.0,0.0,0.0,0.0,0.0,0.0,0.0,0.0,0.0,0.0,0.0,0.0,0.0,0.0,0.0,0.0,0.0,0.0,0.0,0.0,0.0,0.0,0.0,0.0,0.0,0.0,0.0,0.0,0.0,0.0,0.0,0.0,0.0,0.0,0.0,0.0,0.0,0.5606479269880652,0.3719369710602185,0.38014513208268425,0.4918156143191525,0.6011585045762873,0.6393799399809018,0.500208120595354,0.5045758908822421,0.4743946950349179,0.5424258989014342,0.5514658926369642,0.4699527806547377,0.46641889181095103,0.6111132359839243,0.4066168977605125,0.13078511116029906,0.007828101401505364,0.35267442265451576,0.4437109308876736,0.0013198763412243296,0.009065260918695098,0.006717944158792887,0.4564058041061897,0.3758236759882687,0.04384432742873434,0.0002077881621519541,0.00011796657600029279,0.5639904357412481,0.042336162,0,725.68,0
2019-09-01,CO,0.5606479269880652,0.37941813683917036,0.38059274168362656,0.4918156143191525,0.6011585045762873,0.6393870055827781,0.5011023353805849,0.5047125072668044,0.4743946950349179,0.5213781726108436,0.5501718785295169,0.4699894680998556,0.4664241955556793,0.4957016651528273,0.0,0.0,0.0,0.0,0.0,0.0,0.0,0.0,1.0,0.0,0.0,0.0,0.0,0.0,0.0,0.0,0.0,0.0,0.0,0.0,0.0,0.0,0.0,0.0,0.0,0.0,0.0,0.0,0.0,0.0,0.0,0.0,0.0,0.0,0.0,0.0,0.0,0.0,0.0,0.0,0.0,0.0,0.0,0.0,0.0,0.0,0.0,0.0,0.0,0.0,0.5606479269880652,0.37692858196561124,0.38014558571170115,0.4918156143191525,0.6011585045762873,0.6393751285094257,0.5000288550315014,0.504661321768982,0.4743946950349179,0.5295113715653441,0.5518548592941577,0.4699894680998556,0.4664241955556793,0.4957147465749838,0.40225708485886286,0.11134808344159869,0.007966998476939732,0.24329960189449212,0.4294581627873943,0.0014509409142236067,0.009097440643069355,0.007091535037069395,0.4564058041061897,0.36501838895650246,0.058083263679297135,0.1045344061233004,0.051586238230643476,0.21157559476913942,0.03617777,0,3462.01,0
2019-09-01,CR,0.5606479269880652,0.3794270091980014,0.380227636490949,0.4918156143191525,0.6030418391630017,0.6393524926089833,0.5006562126753256,0.5046664341880216,0.4743946950349179,0.5260631524158002,0.5498357306996497,0.4699894680998556,0.4664241955556793,0.2725282472213727,0.0,0.0,0.0,0.0,0.0,0.0,0.0,0.0,0.0,1.0,0.0,0.0,0.0,0.0,0.0,0.0,0.0,0.0,0.0,0.0,0.0,0.0,0.0,0.0,0.0,0.0,0.0,0.0,0.0,0.0,0.0,0.0,0.0,0.0,0.0,0.0,0.0,0.0,0.0,0.0,0.0,0.0,0.0,0.0,0.0,0.0,0.0,0.0,0.0,0.0,0.5606479269880652,0.37629846502726205,0.3803780663773932,0.4918156143191525,0.6045183183467971,0.6393873118818686,0.5004508690578914,0.5046415593701897,0.47551900025545957,0.5323742251191319,0.5499960360270153,0.4699894680998556,0.4664241955556793,0.2725007895349193,0.4428619723991665,0.11243339577003364,0.005732641656193474,0.3614629191316503,0.4114731822189659,0.0012288102593083113,0.008599891258619355,0.006107424935574853,0.4564058041061897,0.3803804576307104,0.007810969901356798,0.0013699583401019478,0.000769093667615943,0.2847764838703385,0.005454764,0,580.905,0
2019-09-01,CZ,0.5606479269880652,0.3775495802948504,0.38022868443576835,0.4918156143191525,0.6011585045762873,0.6393462557801265,0.5008670227352309,0.5047198977624179,0.4743946950349179,0.523872997925821,0.5481222995070588,0.4699894680998556,0.4664241955556793,0.4260593711849127,0.0,0.0,0.0,0.0,0.0,0.0,0.0,0.0,0.0,0.0,1.0,0.0,0.0,0.0,0.0,0.0,0.0,0.0,0.0,0.0,0.0,0.0,0.0,0.0,0.0,0.0,0.0,0.0,0.0,0.0,0.0,0.0,0.0,0.0,0.0,0.0,0.0,0.0,0.0,0.0,0.0,0.0,0.0,0.0,0.0,0.0,0.0,0.0,0.0,0.0,0.5606479269880652,0.3775495802948504,0.3802286738401022,0.4918156143191525,0.6011585045762873,0.6393789656408028,0.5003495696844097,0.504694471751081,0.4743946950349179,0.5268689153177357,0.5494467525965,0.4699894680998556,0.4664241955556793,0.4260609810874638,0.4684336010110409,0.12702702702702703,0.0057222210954409256,0.33703758612608636,0.4197051149202862,0.0013539078166376996,0.008764623108592875,0.00660886089805145,0.4564058041061897,0.37305496208192923,0.16648358142541067,0.0035083864175724302,0.002735381867251592,0.316386869465504,0.008179616,0,23.706999999999997,0
2019-09-01,DO,0.5606479269880652,0.3775496416354687,0.3802286711943823,0.4918156143191525,0.601158455242859,0.6393699291441071,0.5005991181225379,0.5047337566688569,0.47439471100354647,0.5231827778164823,0.5497308950494938,0.46998946928865803,0.466424196122992,0.24183863555860943,0.0,0.0,0.0,0.0,0.0,0.0,0.0,0.0,0.0,0.0,0.0,1.0,0.0,0.0,0.0,0.0,0.0,0.0,0.0,0.0,0.0,0.0,0.0,0.0,0.0,0.0,0.0,0.0,0.0,0.0,0.0,0.0,0.0,0.0,0.0,0.0,0.0,0.0,0.0,0.0,0.0,0.0,0.0,0.0,0.0,0.0,0.0,0.0,0.0,0.0,0.5606479269880652,0.37754961096353534,0.3802286161757664,0.4918156143191525,0.6011585661439405,0.6394170355446991,0.5005991186188307,0.5046792693700839,0.47439470301904846,0.5276759592270286,0.5497095766093684,0.4699894692886556,0.46642419612299085,0.2418337583100212,0.4423961089312418,0.5108108505942781,0.01712902944436002,0.3134850856694637,0.4222729771304419,0.0012697333645215294,0.00829175659926837,0.006436014667413239,0.4564058218521667,0.38019512347999546,0.007259830441774698,0.0137999494961357,0.00689577954075231,0.23555631722981019,0.013633495,0,52.4012,0
2019-09-01,DZ,0.5606479269880652,0.3093763656630774,0.37869363922446697,0.4918258997792246,0.6018918132489695,0.6394892194288342,0.5008202383329446,0.5046606851224371,0.46079539852537477,0.480990694718465,0.52680551714633,0.4700298520382896,0.46650473448366125,0.4830560314925572,0.0,0.0,0.0,0.0,0.0,0.0,0.0,0.0,0.0,0.0,0.0,0.0,1.0,0.0,0.0,0.0,0.0,0.0,0.0,0.0,0.0,0.0,0.0,0.0,0.0,0.0,0.0,0.0,0.0,0.0,0.0,0.0,0.0,0.0,0.0,0.0,0.0,0.0,0.0,0.0,0.0,0.0,0.0,0.0,0.0,0.0,0.0,0.0,0.0,0.0,0.5606479269880652,0.590128695350941,0.054240447342223386,0.46422680848564496,0.5656698487118347,0.6394512034930167,0.5005344208462043,0.5046633222503958,0.49083956203334095,0.5219056151451502,0.49215558844723184,0.5195482092751444,0.5130504961751984,0.4830385767491216,0.3751369372067005,0.24757669308276017,0.10923840773704484,0.29416799936661936,0.40951006408012675,0.0013711606994184745,0.008809276750450502,0.0061972320508015275,0.4491407059824912,0.24948593588644596,0.043740610739514844,0.03152989449269007,0.03048350801964524,0.22010952232776493,0.06278294,0,119.57600000000001,0
2019-09-01,EC,0.5606479269880652,0.3769294673657434,0.38063232403953606,0.4918156143191525,0.6011591108516304,0.639332329202169,0.5007353305944908,0.5046683066890635,0.4731842825273499,0.5074565330768656,0.5538335182406819,0.4699903194162678,0.4664244568453633,0.4535709713978654,0.0,0.0,0.0,0.0,0.0,0.0,0.0,0.0,0.0,0.0,0.0,0.0,0.0,1.0,0.0,0.0,0.0,0.0,0.0,0.0,0.0,0.0,0.0,0.0,0.0,0.0,0.0,0.0,0.0,0.0,0.0,0.0,0.0,0.0,0.0,0.0,0.0,0.0,0.0,0.0,0.0,0.0,0.0,0.0,0.0,0.0,0.0,0.0,0.0,0.0,0.5606479269880652,0.3775476328429343,0.3800565953617327,0.4918156143191525,0.6011576217118543,0.6393468714844616,0.5005916786611442,0.5046683066890635,0.47693886118796885,0.5362637610862079,0.550278083987559,0.46998643919032207,0.46642271651402406,0.45356689736709194,0.4472714527439329,0.11567391840725195,0.017644624629853282,0.3134850856694637,0.4209631543516532,0.0011366398746089524,0.008722712181958513,0.00612377445263197,0.45256004280514406,0.3520865334695089,0.0039745028432555864,0.005860815025948665,0.00414941989305725,0.38651246059744115,0.011309765,0,1.0,0
2019-09-01,GH,0.5606479269880652,0.46939333093691693,0.38001991813800673,0.5012726012593121,0.6011585354913851,0.6393835688096214,0.5010031289015253,0.5046514180496172,0.4796421765165426,0.5213613893380787,0.5428703777833895,0.47457496220269796,0.4686123313865841,0.3957593337286938,0.0,0.0,0.0,0.0,0.0,0.0,0.0,0.0,0.0,0.0,0.0,0.0,0.0,0.0,0.0,0.0,1.0,0.0,0.0,0.0,0.0,0.0,0.0,0.0,0.0,0.0,0.0,0.0,0.0,0.0,0.0,0.0,0.0,0.0,0.0,0.0,0.0,0.0,0.0,0.0,0.0,0.0,0.0,0.0,0.0,0.0,0.0,0.0,0.0,0.0,0.5606479269880652,0.37754939535882587,0.3804631602279323,0.5001045410062513,0.6011586072839729,0.6393790302429803,0.5003116279212244,0.5046622041785671,0.46817993346250464,0.534693446319701,0.5523211242837787,0.465404027651101,0.46423609866608356,0.3957562487938567,0.43314383074387264,0.2032094647593173,0.02119007439892229,0.3542372828472526,0.4276889382279833,0.0019211627026487202,0.008832904095806962,0.006814040580843107,0.45640579209589877,0.38216155217639064,0.030038515690618058,0.00920683294524375,0.005841050164571168,0.3053474329662023,0.02940809,0,5.3161,0
2019-09-01,GT,0.5606479269880652,0.381915996288166,0.3785720711337669,0.4918156143191525,0.6011582231651247,0.6393067921245128,0.5007472213401369,0.5046411929082346,0.47318541835982747,0.5259231745953307,0.5499749745836006,0.4699902204574296,0.46642438672079606,0.47832526032714845,0.0,0.0,0.0,0.0,0.0,0.0,0.0,0.0,0.0,0.0,0.0,0.0,0.0,0.0,0.0,0.0,0.0,1.0,0.0,0.0,0.0,0.0,0.0,0.0,0.0,0.0,0.0,0.0,0.0,0.0,0.0,0.0,0.0,0.0,0.0,0.0,0.0,0.0,0.0,0.0,0.0,0.0,0.0,0.0,0.0,0.0,0.0,0.0,0.0,0.0,0.5606479269880652,0.37318406492836165,0.3822419130585101,0.4918156143191525,0.6011582720085118,0.6393250307645649,0.5004795531880577,0.5046313235352868,0.47694676445943734,0.5310151103001455,0.551125128560406,0.4699871818161516,0.4664232304807586,0.4783227229656162,0.4575598855953938,0.1156688307262267,0.012326858250198183,0.3134850856694637,0.42095903910763544,0.0012720774388081302,0.008567414662481825,0.006160119500895101,0.45256345741422166,0.3801056826693248,0.015337173323929521,0.005858249338650618,0.004147580306083922,0.3878807265199562,0.0067050345,0,7.74268,0
2019-09-01,HU,0.5606479269880652,0.3775495802948504,0.38032262270627903,0.4918156143191525,0.6011585045762873,0.6393533163656344,0.5008848415794456,0.5047510931241835,0.4743946950349179,0.524442190556297,0.5486517206370972,0.4699894680998556,0.4664241955556793,0.18892784856958456,0.0,0.0,0.0,0.0,0.0,0.0,0.0,0.0,0.0,0.0,0.0,0.0,0.0,0.0,0.0,0.0,0.0,0.0,1.0,0.0,0.0,0.0,0.0,0.0,0.0,0.0,0.0,0.0,0.0,0.0,0.0,0.0,0.0,0.0,0.0,0.0,0.0,0.0,0.0,0.0,0.0,0.0,0.0,0.0,0.0,0.0,0.0,0.0,0.0,0.0,0.5606479269880652,0.3775495802948504,0.3803002681599056,0.4918156143191525,0.6011585045762873,0.6393539933272759,0.5003642257350844,0.5046713056256076,0.43541588534556996,0.5314002329659697,0.5540860513513515,0.4699894680998556,0.4664241955556793,0.18892166062540589,0.44493608833494486,0.11081081081081082,0.003915492849038928,0.32722469200678606,0.40783904917664393,0.0013701509089380978,0.008798658132542263,0.0067235280097236,0.4564058041061897,0.37677973775323764,0.03291599242840171,0.026420594418097892,0.019121365504915167,0.27401259395650757,0.010076783,0,306.06,0
2019-09-01,ID,0.5606479269880652,0.3775495802948504,0.38200094353041186,0.4918156143191525,0.6011585045762873,0.6393675135029337,0.5007474889780295,0.5046093387958744,0.47128621970627677,0.5138143921008353,0.5462987057978742,0.4699894680998556,0.4664241955556793,0.4827063491156054,0.0,0.0,0.0,0.0,0.0,0.0,0.0,0.0,0.0,0.0,0.0,0.0,0.0,0.0,0.0,0.0,0.0,0.0,0.0,1.0,0.0,0.0,0.0,0.0,0.0,0.0,0.0,0.0,0.0,0.0,0.0,0.0,0.0,0.0,0.0,0.0,0.0,0.0,0.0,0.0,0.0,0.0,0.0,0.0,0.0,0.0,0.0,0.0,0.0,0.0,0.5606479269880652,0.3775495802948504,0.3786435022839038,0.4918156143191525,0.6011585045762873,0.6394000588228247,0.5003075529984035,0.5046510518655364,0.4744798328284884,0.5266293299766241,0.5509244189322466,0.4699894680998556,0.4664241955556793,0.4827136328023298,0.32911665420655734,0.032432432432432434,0.009755628059826268,0.3134850856694637,0.4182836457006044,0.0014153959743577673,0.008606848438777999,0.005814063278375357,0.4516109260044864,0.33836409034218434,0.1105892896021624,0.15432500469411206,0.15067488555042646,0.112707581050741,0.22222851,0,14174.0,0
2019-09-01,IL,0.5606479269880652,0.37942090549173485,0.5189092435225544,0.4918156143191525,0.6011585045762873,0.6393434608630916,0.5007816290681252,0.5046013681185725,0.4743946950349179,0.5243182151680186,0.5495941500779268,0.4699894680998556,0.4664241955556793,0.4290725412256115,0.0,0.0,0.0,0.0,0.0,0.0,0.0,0.0,0.0,0.0,0.0,0.0,0.0,0.0,0.0,0.0,0.0,0.0,0.0,0.0,1.0,0.0,0.0,0.0,0.0,0.0,0.0,0.0,0.0,0.0,0.0,0.0,0.0,0.0,0.0,0.0,0.0,0.0,0.0,0.0,0.0,0.0,0.0,0.0,0.0,0.0,0.0,0.0,0.0,0.0,0.5606479269880652,0.3694336978813699,0.38155194500601486,0.4918156143191525,0.6011585045762873,0.6393911712032,0.5003608094232526,0.5047514872283566,0.3732775854223911,0.5246485652056113,0.5499736515307575,0.4699229255028467,0.4664267205721198,0.42906368544980306,0.5091037945937673,0.11134604743426817,0.15821996258732215,0.35398418834965856,0.426139516716908,0.0011586153270247551,0.00883857093104946,0.0058789464509195885,0.4564058041061897,0.37666018534989887,0.1250984517509147,0.00019904784896472504,0.00010375419330689439,0.4023304060740256,0.0067869034,0,3.4819999999999998,0
2019-09-01,IN,0.5606479269880652,0.3775495802948504,0.38116065605490423,0.4918156143191525,0.6011585045762873,0.6393792971407765,0.5009685504034591,0.5045480774281085,0.4743946950349179,0.5228141656367733,0.5504057482394047,0.4699894680998556,0.4664241955556793,0.4169250995982753,0.0,0.0,0.0,0.0,0.0,0.0,0.0,0.0,0.0,0.0,0.0,0.0,0.0,0.0,0.0,0.0,0.0,0.0,0.0,0.0,0.0,1.0,0.0,0.0,0.0,0.0,0.0,0.0,0.0,0.0,0.0,0.0,0.0,0.0,0.0,0.0,0.0,0.0,0.0,0.0,0.0,0.0,0.0,0.0,0.0,0.0,0.0,0.0,0.0,0.0,0.5606479269880652,0.3775495802948504,0.3789770356820256,0.4918156143191525,0.6011585045762873,0.639419102077391,0.5004819886278683,0.5046943356878778,0.4743946950349179,0.5249373013259434,0.546116247761692,0.4709563817093559,0.46679539791666835,0.41691861912788886,0.38273237755466494,0.12162162162162163,0.0045497988860215945,0.39238780439117915,0.4424541341320064,0.0016577412032109141,0.008755215961897524,0.005966560259304915,0.4564058041061897,0.37654254033063483,0.330624310253457,0.020403968200934985,0.009112662837906316,0.17541002778938386,0.07168501,0,70.685,0
2019-09-01,KE,0.5606480208107032,0.38628336934202945,0.37977197763841536,0.4918156143191525,0.5962601535587728,0.639239543791527,0.50067620266402,0.5046688353304017,0.4724035290093403,0.5203145879819879,0.5499478721381308,0.4699894680998556,0.4664241955556793,0.3191035421140894,0.0,0.0,0.0,0.0,0.0,0.0,0.0,0.0,0.0,0.0,0.0,0.0,0.0,0.0,0.0,0.0,0.0,0.0,0.0,0.0,0.0,0.0,1.0,0.0,0.0,0.0,0.0,0.0,0.0,0.0,0.0,0.0,0.0,0.0,0.0,0.0,0.0,0.0,0.0,0.0,0.0,0.0,0.0,0.0,0.0,0.0,0.0,0.0,0.0,0.0,0.560648389837206,0.368815203390611,0.3794009932118169,0.4918156143191525,0.6060573651470338,0.6392260011060944,0.5007329961058916,0.5046393844503999,0.4771530783549526,0.5300212199079068,0.5502829950474253,0.4699894680998556,0.4664241955556793,0.31909981691995815,0.4439864978569407,0.12377095168045234,0.036148922516219116,0.3134850856694637,0.40444327628369875,0.001451645821097692,0.008950995473640986,0.006301511531635659,0.45198706781884984,0.36914658689985436,0.01125797628767568,0.0014515802906122494,0.0003616708916003679,0.3028325919561801,0.01905458,0,103.885555555556,0
2019-09-01,KR,0.5606479269880652,0.3775495802948504,0.3799460253007218,0.4918156143191525,0.6011585045762873,0.6393328355168836,0.5015171525577735,0.5046394304838487,0.5103380868996861,0.521306081947884,0.555287693257927,0.4699894680998556,0.4664241955556793,0.5476032482505396,0.0,0.0,0.0,0.0,0.0,0.0,0.0,0.0,0.0,0.0,0.0,0.0,0.0,0.0,0.0,0.0,0.0,0.0,0.0,0.0,0.0,0.0,0.0,1.0,0.0,0.0,0.0,0.0,0.0,0.0,0.0,0.0,0.0,0.0,0.0,0.0,0.0,0.0,0.0,0.0,0.0,0.0,0.0,0.0,0.0,0.0,0.0,0.0,0.0,0.0,0.5606479269880652,0.3775495802948504,0.3803302457675366,0.4918156143191525,0.6011585045762873,0.6393020984839474,0.5001789425105136,0.5047818552863645,0.37988694746696866,0.5259124580684328,0.5460594231069091,0.4699894680998556,0.4664241955556793,0.5475995637246391,0.5957304531064687,0.4432432432432432,0.014117446147921446,0.2654538987194382,0.4347988462989498,0.0010984888292435752,0.009419667501475224,0.006631675906008249,0.4564058041061897,0.3744613669080024,0.4681004193497342,0.4881440588679213,0.3723144700300019,0.7353092548293076,0.011331465,0,1201.3,0
2019-09-01,KZ,0.5606479269880652,0.41506729677241455,0.38047007232297697,0.48984975946784576,0.6063140999371625,0.6393792971407765,0.5009377731184673,0.5046763938545614,0.47180130566424655,0.5001154871462046,0.5885988805891719,0.4613907421982538,0.4604974080755435,0.4390990607334778,0.0,0.0,0.0,0.0,0.0,0.0,0.0,0.0,0.0,0.0,0.0,0.0,0.0,0.0,0.0,0.0,0.0,0.0,0.0,0.0,0.0,0.0,0.0,0.0,1.0,0.0,0.0,0.0,0.0,0.0,0.0,0.0,0.0,0.0,0.0,0.0,0.0,0.0,0.0,0.0,0.0,0.0,0.0,0.0,0.0,0.0,0.0,0.0,0.0,0.0,0.5606479269880652,0.34004234481108747,0.3805671315500195,0.4946313661759509,0.6018737216397104,0.6393792971407765,0.5003538374477928,0.5045332163982962,0.4762231765116758,0.539898631220156,0.5383961071691434,0.47027482562654177,0.46653184883781207,0.43908297935356905,0.4230914197480838,0.1578538187127219,0.006113932953227012,0.3082699982976883,0.4340902367044771,0.0011338401145030137,0.00884821773844508,0.00654411212404697,0.452563074939132,0.3088664625935871,0.04585147160172768,0.021538693124049928,0.010747801501195713,0.36264831122176094,0.027492266,0,387.99,0
2019-09-01,LV,0.5606479269880652,0.38066808151395704,0.38038032723301257,0.4918156143191525,0.6024067257449437,0.6393072187825195,0.5004981669919099,0.5046683066890635,0.4743946950349179,0.5213047948540119,0.5503383746375323,0.4699894680998556,0.4664241955556793,0.25934986504609625,0.0,0.0,0.0,0.0,0.0,0.0,0.0,0.0,0.0,0.0,0.0,0.0,0.0,0.0,0.0,0.0,0.0,0.0,0.0,0.0,0.0,0.0,0.0,0.0,0.0,0.0,1.0,0.0,0.0,0.0,0.0,0.0,0.0,0.0,0.0,0.0,0.0,0.0,0.0,0.0,0.0,0.0,0.0,0.0,0.0,0.0,0.0,0.0,0.0,0.0,0.5606479269880652,0.375045579321094,0.380317267192385,0.4918156143191525,0.6045217255255136,0.639412261262495,0.5008020678394511,0.5046683066890635,0.5225088381118544,0.5325274278337582,0.5503406589728763,0.4699894680998556,0.4664241955556793,0.2593518109700538,0.4462889391142896,0.1124286900824791,0.0029076407296184472,0.2973272478951717,0.4110239126636737,0.0013458952843162066,0.008501310924706261,0.00612377445263197,0.4564058041061897,0.3719680154253436,0.00424873974380844,1.2659992810197348e-05,6.470745655011921e-06,0.27814285346970563,0.0108227,0,0.515,0
2019-09-01,MA,0.5606479269880652,0.37754834625137207,0.37973577254773294,0.4918156143191525,0.6011574826895622,0.6393485868098082,0.5006256833069131,0.5046970587001839,0.45934504388915903,0.5223856199806647,0.5510814603035188,0.4699894680998556,0.4664241955556793,0.30127999776453407,0.0,0.0,0.0,0.0,0.0,0.0,0.0,0.0,0.0,0.0,0.0,0.0,0.0,0.0,0.0,0.0,0.0,0.0,0.0,0.0,0.0,0.0,0.0,0.0,0.0,0.0,0.0,1.0,0.0,0.0,0.0,0.0,0.0,0.0,0.0,0.0,0.0,0.0,0.0,0.0,0.0,0.0,0.0,0.0,0.0,0.0,0.0,0.0,0.0,0.0,0.5606479269880652,0.3775500918147459,0.38186738707335705,0.4918156143191525,0.6011588659553909,0.6393898665258665,0.5006409395160318,0.5046750844975709,0.5032822698123472,0.527098952720437,0.5500140095168972,0.4699894680998556,0.4664241955556793,0.30128239792498024,0.4171415458161953,0.13727838856216507,0.049142199557839564,0.3134850856694637,0.41955906589765063,0.0010889082922441121,0.008701163288653778,0.006315447500024844,0.4565225936189018,0.3733395326340418,0.02886632775353165,0.0004859070697362816,0.00020026265097241471,0.2883471709620367,0.031727444,0,9.7468,0
2019-09-01,MM,0.5606479269880652,0.468113490236976,0.38023044461717465,0.49552906486582604,0.6011591083860846,0.6392277218234126,0.5009775693020329,0.5045900469150626,0.4784337159578676,0.508324983694198,0.6008529238359964,0.47008638187772356,0.466400162287292,0.4203966461213283,0.0,0.0,0.0,0.0,0.0,0.0,0.0,0.0,0.0,0.0,0.0,0.0,0.0,0.0,0.0,0.0,0.0,0.0,0.0,0.0,0.0,0.0,0.0,0.0,0.0,0.0,0.0,0.0,1.0,0.0,0.0,0.0,0.0,0.0,0.0,0.0,0.0,0.0,0.0,0.0,0.0,0.0,0.0,0.0,0.0,0.0,0.0,0.0,0.0,0.0,0.5606479269880652,0.37754975079719993,0.3801463309193197,0.4918149437456614,0.6011591656597609,0.6392709341067069,0.500275788879957,0.5045077368548075,0.46657145570712116,0.5152096457345394,0.549707948445515,0.4615790967986355,0.46062898064246843,0.4204037688321064,0.4458470455784807,0.23563429955281148,0.022302980021585556,0.3377013234341401,0.424155800427263,0.0012431120285370137,0.00883932272735325,0.006012284846059083,0.4525627146351757,0.3118922553009741,0.047206022698645704,0.0012193123638206825,0.0006660232966913245,0.32846798711167646,0.0038291046,0,1531.6,0
2019-09-01,MX,0.5606479269880652,0.3775495802948504,0.38088744746583475,0.4918156143191525,0.6011585045762873,0.6393595366474794,0.5015319133215024,0.5046310161835118,0.4743946950349179,0.518961295238071,0.5334902720657729,0.4699894680998556,0.4664318682333571,0.5134099180938769,0.0,0.0,0.0,0.0,0.0,0.0,0.0,0.0,0.0,0.0,0.0,0.0,0.0,0.0,0.0,0.0,0.0,0.0,0.0,0.0,0.0,0.0,0.0,0.0,0.0,0.0,0.0,0.0,0.0,1.0,0.0,0.0,0.0,0.0,0.0,0.0,0.0,0.0,0.0,0.0,0.0,0.0,0.0,0.0,0.0,0.0,0.0,0.0,0.0,0.0,0.5606479269880652,0.3775495802948504,0.3800421767998784,0.4918156143191525,0.6011585045762873,0.6393051453882372,0.500408540104092,0.5047377524868205,0.4743946950349179,0.5270591230296269,0.553147683499538,0.4699894680998556,0.4664356088628425,0.5134178948439034,0.5200756102228731,0.062162162162162166,0.008709078644445575,0.3134850856694637,0.4313030395969326,0.0013826245709300262,0.009665573348002247,0.006362825577514752,0.4564058041061897,0.3689364689459163,0.21134826341582458,0.00039101049281220257,0.0005267605984820095,0.12213746266864628,0.012354529,0,19.6363,0
2019-09-01,MY,0.5606479269880652,0.3775495802948504,0.35037393071622314,0.4918156143191525,0.6011585045762873,0.6393288365382461,0.5005825976785886,0.5046148224423369,0.44549395660870855,0.5111447508483944,0.5492336965825949,0.4699894680998556,0.4664241955556793,0.5255115980742638,0.0,0.0,0.0,0.0,0.0,0.0,0.0,0.0,0.0,0.0,0.0,0.0,0.0,0.0,0.0,0.0,0.0,0.0,0.0,0.0,0.0,0.0,0.0,0.0,0.0,0.0,0.0,0.0,0.0,0.0,1.0,0.0,0.0,0.0,0.0,0.0,0.0,0.0,0.0,0.0,0.0,0.0,0.0,0.0,0.0,0.0,0.0,0.0,0.0,0.0,0.5606479269880652,0.3775495802948504,0.409959887442047,0.4918156143191525,0.6011585045762873,0.6393889981819646,0.5006494087447069,0.5047048578284682,0.4638550199246576,0.5288786040355428,0.5495116504341394,0.4699894680998556,0.4664241955556793,0.5255146067338586,0.48428878071773934,0.2810810810810811,0.012043071285249502,0.35760003428355613,0.4260440928855311,0.0012233804054012343,0.008797048534411944,0.006192551068887382,0.4550580746697545,0.32858630277371736,0.09235087284911139,0.0005602307185892107,0.00045735795852083224,0.5240045574629036,0.00778192,0,4.187,0
2019-09-01,NG,0.5606479269880652,0.37754990185366044,0.38036700657673933,0.4906709022590185,0.6011578462184555,0.6394071173596335,0.5010318554030474,0.5046662031516531,0.474394699086798,0.49594320386902163,0.5417689217677842,0.46852422829255563,0.4658513672871595,0.454054409643326,0.0,0.0,0.0,0.0,0.0,0.0,0.0,0.0,0.0,0.0,0.0,0.0,0.0,0.0,0.0,0.0,0.0,0.0,0.0,0.0,0.0,0.0,0.0,0.0,0.0,0.0,0.0,0.0,0.0,0.0,0.0,1.0,0.0,0.0,0.0,0.0,0.0,0.0,0.0,0.0,0.0,0.0,0.0,0.0,0.0,0.0,0.0,0.0,0.0,0.0,0.5606479269880652,0.3894216632914834,0.3798910897401242,0.49181368985783064,0.6070275152601458,0.6393710842553382,0.5003301986855463,0.5046672489986135,0.4840135309151153,0.5359407808000389,0.5627309081446896,0.47165045044509757,0.46707237628965875,0.45406283751014326,0.40760463753702214,0.13460005807849745,0.02531909931915656,0.3059567345677683,0.4373720444779369,0.002067398796761026,0.008899013720632632,0.006136768250697897,0.45640579207942644,0.3236139664313695,0.03589613341603869,0.02532422334001515,0.012361308610572759,0.3680180750227281,0.1037628,0,307.0,0
2019-09-01,NZ,0.5606479269880652,0.3781739615725811,0.3803222772977816,0.4918156143191525,0.6011585045762873,0.6393781820131837,0.5006675420324922,0.5046625517342809,0.4593733743471889,0.5256716349110484,0.5529680119681397,0.4699894680998556,0.4664241955556793,0.44382694789568355,0.0,0.0,0.0,0.0,0.0,0.0,0.0,0.0,0.0,0.0,0.0,0.0,0.0,0.0,0.0,0.0,0.0,0.0,0.0,0.0,0.0,0.0,0.0,0.0,0.0,0.0,0.0,0.0,0.0,0.0,0.0,0.0,1.0,0.0,0.0,0.0,0.0,0.0,0.0,0.0,0.0,0.0,0.0,0.0,0.0,0.0,0.0,0.0,0.0,0.0,0.5606479269880652,0.37879657725375293,0.3800303123544294,0.4918156143191525,0.6011585045762873,0.6393934764956997,0.5002562624020279,0.5047374701394031,0.48832487277565667,0.5330421749734863,0.5494569977343481,0.46999003816710583,0.46641542598893787,0.4438199258976377,0.4374928743250362,0.275133941392681,0.005079019645137,0.3934045881805245,0.42694618067010376,0.0013759578072683773,0.008779119653172787,0.006454389524832008,0.46121999088456833,0.3732264526337948,0.020400439812449385,5.579531688359067e-05,2.7383073907775972e-05,0.6816834905352859,0.0077323504,0,1.5931,0
2019-09-01,PA,0.5606479269880652,0.37754957369182807,0.3804968812932195,0.4918156143191525,0.6023485012626403,0.6393779082201563,0.5004751809342219,0.5046683066890635,0.4425960516442299,0.5220546803895457,0.5504057482394047,0.4697384412365618,0.4663456905747762,0.36310417183620036,0.0,0.0,0.0,0.0,0.0,0.0,0.0,0.0,0.0,0.0,0.0,0.0,0.0,0.0,0.0,0.0,0.0,0.0,0.0,0.0,0.0,0.0,0.0,0.0,0.0,0.0,0.0,0.0,0.0,0.0,0.0,0.0,0.0,1.0,0.0,0.0,0.0,0.0,0.0,0.0,0.0,0.0,0.0,0.0,0.0,0.0,0.0,0.0,0.0,0.0,0.5606479269880652,0.37754912495116333,0.3805756961107165,0.4918156143191525,0.598760648358416,0.6393386033151947,0.5006223192733729,0.5046683066890635,0.4860934072687664,0.5267377849545666,0.5504057482394047,0.470309741251154,0.46654970142329244,0.3631011257362202,0.42370603732892786,0.163781803063039,0.008681245272449222,0.3134850856694637,0.4375046126193266,0.0010826521033669488,0.008427648869004871,0.00612377445263197,0.4425150642112615,0.3778817290777504,0.0041931354424624475,0.001120222599434354,0.0006442161622746703,0.24516156100979364,0.03319758,0,1.0,0
2019-09-01,PH,0.5606479269880652,0.28889738418834576,0.3818944724825431,0.4918156143191525,0.583752079660272,0.6392681708154759,0.5005732986442799,0.5046033184371408,0.46266565317110947,0.5229651541529053,0.5495731806520269,0.4699894680998556,0.4664241955556793,0.4516546278875011,0.0,0.0,0.0,0.0,0.0,0.0,0.0,0.0,0.0,0.0,0.0,0.0,0.0,0.0,0.0,0.0,0.0,0.0,0.0,0.0,0.0,0.0,0.0,0.0,0.0,0.0,0.0,0.0,0.0,0.0,0.0,0.0,0.0,0.0,1.0,0.0,0.0,0.0,0.0,0.0,0.0,0.0,0.0,0.0,0.0,0.0,0.0,0.0,0.0,0.0,0.5606479269880652,0.4663241591735285,0.37802079244317266,0.4918156143191525,0.6238830548963186,0.639276466136646,0.5005390559923764,0.5047381952369484,0.4643017441851316,0.5262623547598325,0.5519907282441954,0.4699894680998556,0.4664241955556793,0.45170835331574166,0.4457500714882491,0.4465095653035078,0.013102265802128216,0.4692674434820927,0.46612431210064326,0.0011199494095744918,0.008611967623581279,0.005874413407664907,0.46055969174732486,0.3776090864350175,0.06353656678557937,0.0033147534702532085,0.001546234611440664,0.4489183392919275,0.019943584,0,52.042,0
2019-09-01,PK,0.5606479269880652,0.470139492684253,0.4212463680296498,0.45737715700860687,0.5810011330153159,0.6393863418546591,0.5009604177441439,0.504654903234131,0.472069128502744,0.5242450751516435,0.43812802147728175,0.4309073785574989,0.44819210920653935,0.34575477234939556,0.0,0.0,0.0,0.0,0.0,0.0,0.0,0.0,0.0,0.0,0.0,0.0,0.0,0.0,0.0,0.0,0.0,0.0,0.0,0.0,0.0,0.0,0.0,0.0,0.0,0.0,0.0,0.0,0.0,0.0,0.0,0.0,0.0,0.0,0.0,1.0,0.0,0.0,0.0,0.0,0.0,0.0,0.0,0.0,0.0,0.0,0.0,0.0,0.0,0.0,0.5606479269880652,0.37754920048715046,0.3765977845714296,0.4918153918050753,0.5982972536170148,0.6393537899427746,0.5004052382858544,0.5045933973098836,0.47710752305682746,0.5243779236833243,0.5501762819168152,0.5028485299765614,0.48190121760925836,0.34569744571776106,0.4032595652104425,0.2146652996257428,0.05904098549038573,0.28320079527723296,0.4211257244422766,0.0014406325853500916,0.008915931766163853,0.007704040213828931,0.4564057920829875,0.3748755472296776,0.05010837294402183,0.021612174387009964,0.010678659424204776,0.2449455320448726,0.03542526,0,156.2958,0
2019-09-01,PL,0.5606479269880652,0.3775495802948504,0.3800105780903748,0.4918156143191525,0.6011585045762873,0.639350213060453,0.5012636737216934,0.5046981415906191,0.500635350531491,0.5239208717255993,0.5615241727828358,0.4699894680998556,0.4664241955556793,0.4482984585674985,0.0,0.0,0.0,0.0,0.0,0.0,0.0,0.0,0.0,0.0,0.0,0.0,0.0,0.0,0.0,0.0,0.0,0.0,0.0,0.0,0.0,0.0,0.0,0.0,0.0,0.0,0.0,0.0,0.0,0.0,0.0,0.0,0.0,0.0,0.0,0.0,1.0,0.0,0.0,0.0,0.0,0.0,0.0,0.0,0.0,0.0,0.0,0.0,0.0,0.0,0.5606479269880652,0.3775495802948504,0.38040889352505847,0.4918156143191525,0.6011585045762873,0.6393792971407765,0.4999239227224715,0.50474406753597,0.4330593314795488,0.5270871669743878,0.5488758804041762,0.4699894680998556,0.4664241955556793,0.4483024460355474,0.4546066880822882,0.10810810810810811,0.006823047847123419,0.33499749813287205,0.414768043395747,0.0013429663178363388,0.008904171855830352,0.006664634056472657,0.4564058041061897,0.37242365742375927,0.11897181140271856,0.0007880705309128652,0.0005221620540735175,0.28867356795827465,0.011487478,0,4.0,0
2019-09-01,PY,0.5606479269880652,0.38066934903550714,0.3806739962290005,0.4918156143191525,0.6011579677084338,0.6393314823672249,0.5007612115187479,0.5047025558572991,0.4743946950349179,0.532787190258982,0.5503692038658512,0.4699921848656704,0.46642555372523536,0.41970952592630595,0.0,0.0,0.0,0.0,0.0,0.0,0.0,0.0,0.0,0.0,0.0,0.0,0.0,0.0,0.0,0.0,0.0,0.0,0.0,0.0,0.0,0.0,0.0,0.0,0.0,0.0,0.0,0.0,0.0,0.0,0.0,0.0,0.0,0.0,0.0,0.0,0.0,1.0,0.0,0.0,0.0,0.0,0.0,0.0,0.0,0.0,0.0,0.0,0.0,0.0,0.5606479269880652,0.37505575178614825,0.38043920143852145,0.4918156143191525,0.6011528599334839,0.6393552485686457,0.5005139898097147,0.504749586580164,0.4743946950349179,0.5251583005257244,0.5502831931047936,0.4787497859773779,0.4724837128865384,0.419716082324475,0.4486422173867856,0.11242960558194641,0.011912894845430072,0.3134850856694637,0.4196322656168045,0.0012637766498422311,0.008663071690384086,0.006627312718170082,0.4564058041061897,0.37624105155883775,0.007370861321862693,0.0255609304695204,0.013867798545671228,0.37403905599540527,0.013104078,0,6380.125,0
2019-09-01,RU,0.5606479269880652,0.3775495802948504,0.3812265875840305,0.4918156143191525,0.6011585045762873,0.6393592842127717,0.5011805387971826,0.5046858996283534,0.4743946950349179,0.5007615698991861,0.5603711827867828,0.47005852772743845,0.46656238781496484,0.4566494915002749,0.0,0.0,0.0,0.0,0.0,0.0,0.0,0.0,0.0,0.0,0.0,0.0,0.0,0.0,0.0,0.0,0.0,0.0,0.0,0.0,0.0,0.0,0.0,0.0,0.0,0.0,0.0,0.0,0.0,0.0,0.0,0.0,0.0,0.0,0.0,0.0,0.0,0.0,1.0,0.0,0.0,0.0,0.0,0.0,0.0,0.0,0.0,0.0,0.0,0.0,0.5606479269880652,0.3775495802948504,0.3803605554001766,0.4918156143191525,0.6011585045762873,0.6393780410478923,0.5003255348625425,0.5045625155108441,0.4743946950349179,0.5272496338275733,0.5554450208382314,0.4640392586983262,0.4635080762371073,0.45665280759115046,0.5961070174157314,0.13513513513513514,0.006943916720056979,0.3134850856694637,0.4246793095122074,0.0014999748909780702,0.009280806386282014,0.006014066804700744,0.4564058041061897,0.30693107560465044,0.5392457166301715,0.0006331508020304149,0.002349592488342736,0.21506717029265762,0.019234825,0,64.4156,0
2019-09-01,SG,0.5606479269880652,0.37567663015831787,0.38020439655493693,0.4918156143191525,0.6011585045762873,0.6393809838998376,0.5005661326494769,0.5046540148419515,0.44005647375446166,0.4961049421156623,0.5500831309185856,0.4699894680998556,0.4664241955556793,0.594557483042928,0.0,0.0,0.0,0.0,0.0,0.0,0.0,0.0,0.0,0.0,0.0,0.0,0.0,0.0,0.0,0.0,0.0,0.0,0.0,0.0,0.0,0.0,0.0,0.0,0.0,0.0,0.0,0.0,0.0,0.0,0.0,0.0,0.0,0.0,0.0,0.0,0.0,0.0,0.0,0.0,1.0,0.0,0.0,0.0,0.0,0.0,0.0,0.0,0.0,0.0,0.5606479269880652,0.37754927771260655,0.3802259313168571,0.4918156143191525,0.6011585045762873,0.6393880650923218,0.5006551894873935,0.5046982786185902,0.479427370636081,0.540668782355507,0.549680733349743,0.4699894680998556,0.4664241955556793,0.5945774587569839,0.6694414078663485,0.18378379054000535,0.0030052997381771543,0.3134850856694637,0.4319233037002695,0.0011729150394837534,0.008764377874831109,0.006187384936961464,0.4470719349673593,0.3250832676272727,0.2901417784349727,0.0003113458560125582,0.00024344253985199204,0.6773122995358438,0.0042518387,0,1.3813,0
2019-09-01,TH,0.5606479269880652,0.3775495802948504,0.338165700638349,0.4918156143191525,0.6011585045762873,0.6393440722877115,0.5009185938234414,0.5046942360456718,0.4395716760515186,0.5203736815973019,0.5519337807550029,0.4699894680998556,0.4664241955556793,0.47379816372590644,0.0,0.0,0.0,0.0,0.0,0.0,0.0,0.0,0.0,0.0,0.0,0.0,0.0,0.0,0.0,0.0,0.0,0.0,0.0,0.0,0.0,0.0,0.0,0.0,0.0,0.0,0.0,0.0,0.0,0.0,0.0,0.0,0.0,0.0,0.0,0.0,0.0,0.0,0.0,0.0,0.0,1.0,0.0,0.0,0.0,0.0,0.0,0.0,0.0,0.0,0.5606479269880652,0.3775495802948504,0.37994413910233593,0.4918156143191525,0.6011585045762873,0.6393234290634165,0.5003185786143569,0.5047048431336353,0.4710792525930262,0.5284887220873151,0.553657157431257,0.4699894680998556,0.4664241955556793,0.4738107690631643,0.517103804280092,0.1837837837837838,0.017363692584937484,0.30842964659366695,0.4281541708414907,0.001152451113087402,0.008929106834608904,0.005780839294454538,0.43125940282822944,0.3792678552968441,0.24034229845505614,0.0057819154464840185,0.004541090878892023,0.44349136411976503,0.0072943443,0,30.5919,0
2019-09-01,TR,0.5606479269880652,0.3775495802948504,0.3149433423301631,0.4918156143191525,0.6011585045762873,0.6385620610445598,0.5011012920693249,0.5047877630044807,0.4743946950349179,0.5239500156933451,0.5492412383597922,0.4699894680998556,0.4664241955556793,0.5921484646597639,0.0,0.0,0.0,0.0,0.0,0.0,0.0,0.0,0.0,0.0,0.0,0.0,0.0,0.0,0.0,0.0,0.0,0.0,0.0,0.0,0.0,0.0,0.0,0.0,0.0,0.0,0.0,0.0,0.0,0.0,0.0,0.0,0.0,0.0,0.0,0.0,0.0,0.0,0.0,0.0,0.0,0.0,1.0,0.0,0.0,0.0,0.0,0.0,0.0,0.0,0.5606479269880652,0.3775495802948504,0.38595293261055097,0.4918156143191525,0.6011585045762873,0.6391830083473979,0.4997885677336884,0.5039200651012478,0.4743946950349179,0.5247058862523595,0.5504086513462251,0.4699894680998556,0.4664241955556793,0.592157055361437,0.4327353157339192,0.5108108108108107,0.06483679210242645,0.21681364297381822,0.35848667774150866,0.0018133772095633356,0.009198023119311149,0.0057852730330200455,0.4564058041061897,0.3769576708371465,0.06854212967498002,0.0007063614276678552,0.0004008956618228262,0.32255423861091126,0.019968078,0,5.6642,0
2019-09-01,TZ,0.5606479269880652,0.3781745204601142,0.34887992681933344,0.4918156143191525,0.6011577578715781,0.6393577274284816,0.5006755687049017,0.5046646897268414,0.44940964607599226,0.5243137132046725,0.5504057482394047,0.4699894680998556,0.4664241955556793,0.33510637086330974,0.0,0.0,0.0,0.0,0.0,0.0,0.0,0.0,0.0,0.0,0.0,0.0,0.0,0.0,0.0,0.0,0.0,0.0,0.0,0.0,0.0,0.0,0.0,0.0,0.0,0.0,0.0,0.0,0.0,0.0,0.0,0.0,0.0,0.0,0.0,0.0,0.0,0.0,0.0,0.0,0.0,0.0,0.0,1.0,0.0,0.0,0.0,0.0,0.0,0.0,0.5606479269880652,0.3775489633034392,0.41165440545750454,0.4918156143191525,0.6011588513541625,0.6393625963756354,0.5004933189101175,0.5046632066096951,0.4798812528369006,0.5274801354162064,0.5504057482394047,0.4699894680998556,0.4664241955556793,0.3351228080900974,0.44243839432869864,0.11243211730914114,0.010598920598140903,0.3134850856694637,0.41102562729260383,0.0014151355617042982,0.008530608027326435,0.006156150219507585,0.43040880970393075,0.37821265393809184,0.004927043713178439,0.013799948602573789,0.006895779094242996,0.3207258154405603,0.010430218,0,2289.4994554455398,0
2019-09-01,UA,0.5606479269880652,0.3775493104220088,0.41296945523051015,0.4918156143191525,0.6023483128526255,0.6391413124020158,0.5004752109240891,0.5045358787759213,0.471499240820051,0.5262249935055725,0.5487235589567588,0.4699756548630267,0.46639889517703864,0.39971523982696816,0.0,0.0,0.0,0.0,0.0,0.0,0.0,0.0,0.0,0.0,0.0,0.0,0.0,0.0,0.0,0.0,0.0,0.0,0.0,0.0,0.0,0.0,0.0,0.0,0.0,0.0,0.0,0.0,0.0,0.0,0.0,0.0,0.0,0.0,0.0,0.0,0.0,0.0,0.0,0.0,0.0,0.0,0.0,0.0,1.0,0.0,0.0,0.0,0.0,0.0,0.5606479269880652,0.3775493420601364,0.3804338734003034,0.4918156143191525,0.5987607488506924,0.6393792971407765,0.5006223116708693,0.5045226068014488,0.44034342284598926,0.5256588651974563,0.5506822135484392,0.4702322266993816,0.4665030908250072,0.3997327296013554,0.44056459233934436,0.16378245313127499,0.044624452275093485,0.25875631759688433,0.4375058306553683,0.0015470213553342767,0.008427666729224719,0.00521150080555098,0.44702625557133835,0.38514972841173145,0.02752136930427617,0.0010910046344644977,0.0005314800815065764,0.26511020107332484,0.057708327,0,24.082809,0
2019-09-01,UG,0.5606479269880652,0.4693866988105461,0.3796811800618445,0.5012721226149184,0.5962844312129975,0.6392791483670122,0.5010031218428824,0.5046126207328767,0.47964234934939665,0.5264835185050868,0.5395821013901215,0.474575102031224,0.46861241722253916,0.36622678680037435,0.0,0.0,0.0,0.0,0.0,0.0,0.0,0.0,0.0,0.0,0.0,0.0,0.0,0.0,0.0,0.0,0.0,0.0,0.0,0.0,0.0,0.0,0.0,0.0,0.0,0.0,0.0,0.0,0.0,0.0,0.0,0.0,0.0,0.0,0.0,0.0,0.0,0.0,0.0,0.0,0.0,0.0,0.0,0.0,0.0,1.0,0.0,0.0,0.0,0.0,0.5606479269880652,0.3775495266163233,0.38091110121917,0.49181551591907263,0.6011586514551625,0.6392739080767879,0.5003116297950843,0.5046086324883645,0.46817986338979606,0.5293496584173596,0.5503407874898802,0.465403866727406,0.4642359946365723,0.3662103712968853,0.4362446453430651,0.2032033546278837,0.020088204762812017,0.35423799224715263,0.42424770512282856,0.00120349387909733,0.008832897076711626,0.005902814248130752,0.4564057920967494,0.3791750567156734,0.017568095970794496,0.009206985973431664,0.005841153168875432,0.3018085512380851,0.015064603,0,3684.235,0
2019-09-01,UY,0.5606479269880652,0.3781734430971519,0.3811736733572861,0.4918156143191525,0.6011584015024694,0.6393178019474557,0.5006790478853314,0.5046011267996737,0.44671068443644973,0.5261801358998065,0.5494287396222557,0.47054220196447044,0.4669407023443344,0.44653301712404736,0.0,0.0,0.0,0.0,0.0,0.0,0.0,0.0,0.0,0.0,0.0,0.0,0.0,0.0,0.0,0.0,0.0,0.0,0.0,0.0,0.0,0.0,0.0,0.0,0.0,0.0,0.0,0.0,0.0,0.0,0.0,0.0,0.0,0.0,0.0,0.0,0.0,0.0,0.0,0.0,0.0,0.0,0.0,0.0,0.0,0.0,1.0,0.0,0.0,0.0,0.5606479269880652,0.37755105483469603,0.3806821464116462,0.4918156143191525,0.601158136666697,0.639295439689236,0.5004255362136694,0.5046965289649832,0.4971686838186407,0.5265269622612302,0.5487837148561994,0.46976939484198604,0.4660981537087648,0.44654124352371377,0.44848708037438606,0.11837356780103335,0.008859865424645197,0.368988007447485,0.4209625780363675,0.0014146116659565265,0.008616829702287429,0.006810598886706356,0.44064873342986394,0.3716824948013143,0.015588480789152523,0.01125074932550065,0.007924413789780264,0.39905149154762243,0.014703274,0,36.939,0
2019-09-01,UZ,0.5227274774013205,0.41692832674119396,0.3801764622034374,0.49181519991325545,0.5962983151689658,0.6392134353101853,0.5011568457998129,0.5045683846899496,0.47964266460622806,0.5262205637115842,0.5143892942654152,0.4697893234678356,0.46635662251154175,0.572038069952721,0.0,0.0,0.0,0.0,0.0,0.0,0.0,0.0,0.0,0.0,0.0,0.0,0.0,0.0,0.0,0.0,0.0,0.0,0.0,0.0,0.0,0.0,0.0,0.0,0.0,0.0,0.0,0.0,0.0,0.0,0.0,0.0,0.0,0.0,0.0,0.0,0.0,0.0,0.0,0.0,0.0,0.0,0.0,0.0,0.0,0.0,0.0,1.0,0.0,0.0,0.6108296094559773,0.33816730787342214,0.38016357891506675,0.48701210765492065,0.6037634830967311,0.6395586233949369,0.5001363236113416,0.5049424881439369,0.47876914208613625,0.525334269881702,0.6273645743202546,0.4703766169911325,0.4667796151184075,0.5721009907735077,0.4290002735326803,0.1302656461783022,0.011562962704667017,0.31054729038942475,0.427296380117751,0.0013367345705389464,0.009033835674463635,0.007143478658841293,0.45640579788692454,0.35120967315460255,0.07991547722935675,0.052022023049012024,0.04074155440367734,0.3750672645216836,0.25842056,0,9424.54,0
2019-09-01,VN,0.5606479269880652,0.37754045583588675,0.35629747393076466,0.4777901980333835,0.597820813059274,0.6393454124057751,0.5008233466930869,0.5046631253476296,0.4796429429609127,0.5155460208319471,0.5907684877328147,0.4783203852955324,0.4722531077019758,0.32825889961540733,0.0,0.0,0.0,0.0,0.0,0.0,0.0,0.0,0.0,0.0,0.0,0.0,0.0,0.0,0.0,0.0,0.0,0.0,0.0,0.0,0.0,0.0,0.0,0.0,0.0,0.0,0.0,0.0,0.0,0.0,0.0,0.0,0.0,0.0,0.0,0.0,0.0,0.0,0.0,0.0,0.0,0.0,0.0,0.0,0.0,0.0,0.0,0.0,1.0,0.0,0.5606479269880652,0.37755654267210653,0.4041496281215486,0.5058410992936239,0.604495702331553,0.6393582820836229,0.5004407670605446,0.504667008782348,0.46817976725156735,0.5307283896544459,0.5102353206204097,0.4623052391483691,0.4608420319443458,0.32826694153916003,0.4462854461605437,0.15727322359935467,0.005473535181163677,0.32840461634541646,0.4242447557288489,0.001298090379286718,0.008733135905848507,0.00622056689940904,0.4564057860931063,0.3611047008009,0.035139643815425926,0.00886705619208934,0.005618327838934228,0.3259609728244408,0.005429253,0,23073.0,0
2019-09-01,ZA,0.5606479269880652,0.3775495802948504,0.3807415538695594,0.4918156143191525,0.6011585045762873,0.6393548337897488,0.5011388742139082,0.5047860622295176,0.48142136973963834,0.5246624962954552,0.5668090691902921,0.4699894680998556,0.4664241955556793,0.48168714711256355,0.0,0.0,0.0,0.0,0.0,0.0,0.0,0.0,0.0,0.0,0.0,0.0,0.0,0.0,0.0,0.0,0.0,0.0,0.0,0.0,0.0,0.0,0.0,0.0,0.0,0.0,0.0,0.0,0.0,0.0,0.0,0.0,0.0,0.0,0.0,0.0,0.0,0.0,0.0,0.0,0.0,0.0,0.0,0.0,0.0,0.0,0.0,0.0,0.0,1.0,0.5606479269880652,0.3775495802948504,0.38067315962270487,0.4918156143191525,0.6011585045762873,0.639424071696376,0.5002597607867464,0.5045001517469959,0.485988920124297,0.5267248000253023,0.5510418959176824,0.4699894680998556,0.4664241955556793,0.4816812446727855,0.4192725154315217,0.16756756756756755,0.015836891902924786,0.3134850856694637,0.4426698885850905,0.0014777501778231892,0.008895152629579389,0.006566416418097465,0.4719410731873381,0.37275641243382407,0.06972526347234514,0.0011301228962529086,0.00087383726283497,0.24813919035476822,0.08147885,0,15.20894042,0
